timestep,v,omega,controller,solve_time_ms
0,0.9467685862281932,-0.011266850651446064,MPC,88.8078999996651
1,0.9467685862281932,-0.011266850651446064,MPC,88.8078999996651
2,0.9467685862281932,-0.011266850651446064,MPC,88.8078999996651
3,0.9467685862281932,-0.011266850651446064,MPC,88.8078999996651
4,0.9467685862281932,-0.011266850651446064,MPC,88.8078999996651
5,1.419102434215545,-0.057851550727182705,MPC,83.78579999953217
6,1.419102434215545,-0.057851550727182705,MPC,83.78579999953217
7,1.419102434215545,-0.057851550727182705,MPC,83.78579999953217
8,1.419102434215545,-0.057851550727182705,MPC,83.78579999953217
9,1.419102434215545,-0.057851550727182705,MPC,83.78579999953217
10,1.3928377582785307,-0.09034000636624266,MPC,90.46909999960917
11,1.3928377582785307,-0.09034000636624266,MPC,90.46909999960917
12,1.3928377582785307,-0.09034000636624266,MPC,90.46909999960917
13,1.3928377582785307,-0.09034000636624266,MPC,90.46909999960917
14,1.3928377582785307,-0.09034000636624266,MPC,90.46909999960917
15,1.3698914503556106,-0.13725143118682773,MPC,109.83730000043579
16,1.3698914503556106,-0.13725143118682773,MPC,109.83730000043579
17,1.3698914503556106,-0.13725143118682773,MPC,109.83730000043579
18,1.3698914503556106,-0.13725143118682773,MPC,109.83730000043579
19,1.3698914503556106,-0.13725143118682773,MPC,109.83730000043579
20,1.3385031504204103,-0.17837579175891868,MPC,84.86380000067584
21,1.3385031504204103,-0.17837579175891868,MPC,84.86380000067584
22,1.3385031504204103,-0.17837579175891868,MPC,84.86380000067584
23,1.3385031504204103,-0.17837579175891868,MPC,84.86380000067584
24,1.3385031504204103,-0.17837579175891868,MPC,84.86380000067584
25,0.8021588046974176,-0.16540609164325076,MPC,107.68900000039139
26,0.8021588046974176,-0.16540609164325076,MPC,107.68900000039139
27,0.8021588046974176,-0.16540609164325076,MPC,107.68900000039139
28,0.8021588046974176,-0.16540609164325076,MPC,107.68900000039139
29,0.8021588046974176,-0.16540609164325076,MPC,107.68900000039139
30,-2.0000000231071633,0.030426496702501304,MPC,126.10780000068189
31,-2.0000000231071633,0.030426496702501304,MPC,126.10780000068189
32,-2.0000000231071633,0.030426496702501304,MPC,126.10780000068189
33,-2.0000000231071633,0.030426496702501304,MPC,126.10780000068189
34,-2.0000000231071633,0.030426496702501304,MPC,126.10780000068189
35,-2.000000042690218,3.0000000095625103,MPC,89.31790000133333
36,-2.000000042690218,3.0000000095625103,MPC,89.31790000133333
37,-2.000000042690218,3.0000000095625103,MPC,89.31790000133333
38,-2.000000042690218,3.0000000095625103,MPC,89.31790000133333
39,-2.000000042690218,3.0000000095625103,MPC,89.31790000133333
40,2.0000001638066216,3.000000111135501,MPC,109.60800000066229
41,2.0000001638066216,3.000000111135501,MPC,109.60800000066229
42,2.0000001638066216,3.000000111135501,MPC,109.60800000066229
43,2.0000001638066216,3.000000111135501,MPC,109.60800000066229
44,2.0000001638066216,3.000000111135501,MPC,109.60800000066229
45,2.000000007908481,3.0000000015775408,MPC,192.85560000025725
46,2.000000007908481,3.0000000015775408,MPC,192.85560000025725
47,2.000000007908481,3.0000000015775408,MPC,192.85560000025725
48,2.000000007908481,3.0000000015775408,MPC,192.85560000025725
49,2.000000007908481,3.0000000015775408,MPC,192.85560000025725
50,2.0000001718516347,-2.9999999897394156,MPC,88.96629999981087
51,2.0000001718516347,-2.9999999897394156,MPC,88.96629999981087
52,2.0000001718516347,-2.9999999897394156,MPC,88.96629999981087
53,2.0000001718516347,-2.9999999897394156,MPC,88.96629999981087
54,2.0000001718516347,-2.9999999897394156,MPC,88.96629999981087
55,1.9999998148565066,-3.0000000437659957,MPC,113.69580000064161
56,1.9999998148565066,-3.0000000437659957,MPC,113.69580000064161
57,1.9999998148565066,-3.0000000437659957,MPC,113.69580000064161
58,1.9999998148565066,-3.0000000437659957,MPC,113.69580000064161
59,1.9999998148565066,-3.0000000437659957,MPC,113.69580000064161
60,2.0000001165357797,-2.9999999968568027,MPC,81.1199999989185
61,2.0000001165357797,-2.9999999968568027,MPC,81.1199999989185
62,2.0000001165357797,-2.9999999968568027,MPC,81.1199999989185
63,2.0000001165357797,-2.9999999968568027,MPC,81.1199999989185
64,2.0000001165357797,-2.9999999968568027,MPC,81.1199999989185
65,2.0000000547402914,-2.999999999000212,MPC,85.54110000113724
66,2.0000000547402914,-2.999999999000212,MPC,85.54110000113724
67,2.0000000547402914,-2.999999999000212,MPC,85.54110000113724
68,2.0000000547402914,-2.999999999000212,MPC,85.54110000113724
69,2.0000000547402914,-2.999999999000212,MPC,85.54110000113724
70,2.000000000000001,-3.0000000000000053,MPC,106.65599999992992
71,2.000000000000001,-3.0000000000000053,MPC,106.65599999992992
72,2.000000000000001,-3.0000000000000053,MPC,106.65599999992992
73,2.000000000000001,-3.0000000000000053,MPC,106.65599999992992
74,2.000000000000001,-3.0000000000000053,MPC,106.65599999992992
75,2.000000000000001,-1.8052273669523744,MPC,89.7586000010051
76,2.000000000000001,-1.8052273669523744,MPC,89.7586000010051
77,2.000000000000001,-1.8052273669523744,MPC,89.7586000010051
78,2.000000000000001,-1.8052273669523744,MPC,89.7586000010051
79,2.000000000000001,-1.8052273669523744,MPC,89.7586000010051
80,2.000000000000001,-1.1522618986674746,MPC,58.98900000102003
81,2.000000000000001,-1.1522618986674746,MPC,58.98900000102003
82,2.000000000000001,-1.1522618986674746,MPC,58.98900000102003
83,2.000000000000001,-1.1522618986674746,MPC,58.98900000102003
84,2.000000000000001,-1.1522618986674746,MPC,58.98900000102003
85,2.0,-1.8399296259973632,MPC,65.02539999928558
86,2.0,-1.8399296259973632,MPC,65.02539999928558
87,2.0,-1.8399296259973632,MPC,65.02539999928558
88,2.0,-1.8399296259973632,MPC,65.02539999928558
89,2.0,-1.8399296259973632,MPC,65.02539999928558
90,1.9565132020117142,-1.3685462981291254,MPC,90.02510000027542
91,1.9565132020117142,-1.3685462981291254,MPC,90.02510000027542
92,1.9565132020117142,-1.3685462981291254,MPC,90.02510000027542
93,1.9565132020117142,-1.3685462981291254,MPC,90.02510000027542
94,1.9565132020117142,-1.3685462981291254,MPC,90.02510000027542
95,1.0233951398774581,-1.6618751151904094,MPC,85.19389999855775
96,1.0233951398774581,-1.6618751151904094,MPC,85.19389999855775
97,1.0233951398774581,-1.6618751151904094,MPC,85.19389999855775
98,1.0233951398774581,-1.6618751151904094,MPC,85.19389999855775
99,1.0233951398774581,-1.6618751151904094,MPC,85.19389999855775
100,1.035296805846291,-1.2512124640614224,MPC,76.12819999849307
101,1.035296805846291,-1.2512124640614224,MPC,76.12819999849307
102,1.035296805846291,-1.2512124640614224,MPC,76.12819999849307
103,1.035296805846291,-1.2512124640614224,MPC,76.12819999849307
104,1.035296805846291,-1.2512124640614224,MPC,76.12819999849307
105,1.0243697963940441,-1.322586053840833,MPC,128.31240000014077
106,1.0243697963940441,-1.322586053840833,MPC,128.31240000014077
107,1.0243697963940441,-1.322586053840833,MPC,128.31240000014077
108,1.0243697963940441,-1.322586053840833,MPC,128.31240000014077
109,1.0243697963940441,-1.322586053840833,MPC,128.31240000014077
110,1.0194740445322132,-1.002231333294903,MPC,62.38639999901352
111,1.0194740445322132,-1.002231333294903,MPC,62.38639999901352
112,1.0194740445322132,-1.002231333294903,MPC,62.38639999901352
113,1.0194740445322132,-1.002231333294903,MPC,62.38639999901352
114,1.0194740445322132,-1.002231333294903,MPC,62.38639999901352
115,1.0198323868328025,-0.9988817842987959,MPC,91.18960000159859
116,1.0198323868328025,-0.9988817842987959,MPC,91.18960000159859
117,1.0198323868328025,-0.9988817842987959,MPC,91.18960000159859
118,1.0198323868328025,-0.9988817842987959,MPC,91.18960000159859
119,1.0198323868328025,-0.9988817842987959,MPC,91.18960000159859
120,1.0269748491442403,-0.7801060112111842,MPC,86.00560000013502
121,1.0269748491442403,-0.7801060112111842,MPC,86.00560000013502
122,1.0269748491442403,-0.7801060112111842,MPC,86.00560000013502
123,1.0269748491442403,-0.7801060112111842,MPC,86.00560000013502
124,1.0269748491442403,-0.7801060112111842,MPC,86.00560000013502
125,1.0381842668730097,-0.7642809583890443,MPC,110.40630000024976
126,1.0381842668730097,-0.7642809583890443,MPC,110.40630000024976
127,1.0381842668730097,-0.7642809583890443,MPC,110.40630000024976
128,1.0381842668730097,-0.7642809583890443,MPC,110.40630000024976
129,1.0381842668730097,-0.7642809583890443,MPC,110.40630000024976
130,1.0521885767528505,-0.626722467495889,MPC,102.43580000133079
131,1.0521885767528505,-0.626722467495889,MPC,102.43580000133079
132,1.0521885767528505,-0.626722467495889,MPC,102.43580000133079
133,1.0521885767528505,-0.626722467495889,MPC,102.43580000133079
134,1.0521885767528505,-0.626722467495889,MPC,102.43580000133079
135,1.0663113850818826,-0.6160550639355231,MPC,128.23300000127347
136,1.0663113850818826,-0.6160550639355231,MPC,128.23300000127347
137,1.0663113850818826,-0.6160550639355231,MPC,128.23300000127347
138,1.0663113850818826,-0.6160550639355231,MPC,128.23300000127347
139,1.0663113850818826,-0.6160550639355231,MPC,128.23300000127347
140,1.0791278529667268,-0.5357984258192962,MPC,65.81680000090273
141,1.0791278529667268,-0.5357984258192962,MPC,65.81680000090273
142,1.0791278529667268,-0.5357984258192962,MPC,65.81680000090273
143,1.0791278529667268,-0.5357984258192962,MPC,65.81680000090273
144,1.0791278529667268,-0.5357984258192962,MPC,65.81680000090273
145,1.0888685876200555,-0.5349195987774097,MPC,60.32319999940228
146,1.0888685876200555,-0.5349195987774097,MPC,60.32319999940228
147,1.0888685876200555,-0.5349195987774097,MPC,60.32319999940228
148,1.0888685876200555,-0.5349195987774097,MPC,60.32319999940228
149,1.0888685876200555,-0.5349195987774097,MPC,60.32319999940228
150,1.0946465518054818,-0.49526279479000446,MPC,58.84209999931045
151,1.0946465518054818,-0.49526279479000446,MPC,58.84209999931045
152,1.0946465518054818,-0.49526279479000446,MPC,58.84209999931045
153,1.0946465518054818,-0.49526279479000446,MPC,58.84209999931045
154,1.0946465518054818,-0.49526279479000446,MPC,58.84209999931045
155,1.0955627940830335,-0.5067188617987789,MPC,78.61420000153885
156,1.0955627940830335,-0.5067188617987789,MPC,78.61420000153885
157,1.0955627940830335,-0.5067188617987789,MPC,78.61420000153885
158,1.0955627940830335,-0.5067188617987789,MPC,78.61420000153885
159,1.0955627940830335,-0.5067188617987789,MPC,78.61420000153885
160,1.0913290161477134,-0.4987420801169613,MPC,101.73159999976633
161,1.0913290161477134,-0.4987420801169613,MPC,101.73159999976633
162,1.0913290161477134,-0.4987420801169613,MPC,101.73159999976633
163,1.0913290161477134,-0.4987420801169613,MPC,101.73159999976633
164,1.0913290161477134,-0.4987420801169613,MPC,101.73159999976633
165,1.0817685022347887,-0.5261388932416673,MPC,128.931699999157
166,1.0817685022347887,-0.5261388932416673,MPC,128.931699999157
167,1.0817685022347887,-0.5261388932416673,MPC,128.931699999157
168,1.0817685022347887,-0.5261388932416673,MPC,128.931699999157
169,1.0817685022347887,-0.5261388932416673,MPC,128.931699999157
170,1.0671729272749444,-0.54740931599526,MPC,91.63669999907142
171,1.0671729272749444,-0.54740931599526,MPC,91.63669999907142
172,1.0671729272749444,-0.54740931599526,MPC,91.63669999907142
173,1.0671729272749444,-0.54740931599526,MPC,91.63669999907142
174,1.0671729272749444,-0.54740931599526,MPC,91.63669999907142
175,1.0480207571916664,-0.5966674618203718,MPC,79.17059999999765
176,1.0480207571916664,-0.5966674618203718,MPC,79.17059999999765
177,1.0480207571916664,-0.5966674618203718,MPC,79.17059999999765
178,1.0480207571916664,-0.5966674618203718,MPC,79.17059999999765
179,1.0480207571916664,-0.5966674618203718,MPC,79.17059999999765
180,1.0252079723537002,-0.6502651361962295,MPC,113.50429999947664
181,1.0252079723537002,-0.6502651361962295,MPC,113.50429999947664
182,1.0252079723537002,-0.6502651361962295,MPC,113.50429999947664
183,1.0252079723537002,-0.6502651361962295,MPC,113.50429999947664
184,1.0252079723537002,-0.6502651361962295,MPC,113.50429999947664
185,0.9998818146171172,-0.7300636167122089,MPC,72.25690000086615
186,0.9998818146171172,-0.7300636167122089,MPC,72.25690000086615
187,0.9998818146171172,-0.7300636167122089,MPC,72.25690000086615
188,0.9998818146171172,-0.7300636167122089,MPC,72.25690000086615
189,0.9998818146171172,-0.7300636167122089,MPC,72.25690000086615
190,0.9735879968063704,-0.8228699691814072,MPC,64.43249999938416
191,0.9735879968063704,-0.8228699691814072,MPC,64.43249999938416
192,0.9735879968063704,-0.8228699691814072,MPC,64.43249999938416
193,0.9735879968063704,-0.8228699691814072,MPC,64.43249999938416
194,0.9735879968063704,-0.8228699691814072,MPC,64.43249999938416
195,0.9481225181015893,-0.9417924294177357,MPC,121.37579999944137
196,0.9481225181015893,-0.9417924294177357,MPC,121.37579999944137
197,0.9481225181015893,-0.9417924294177357,MPC,121.37579999944137
198,0.9481225181015893,-0.9417924294177357,MPC,121.37579999944137
199,0.9481225181015893,-0.9417924294177357,MPC,121.37579999944137
200,0.9255269271590396,-1.0764522854251064,MPC,80.4971999987174
201,0.9255269271590396,-1.0764522854251064,MPC,80.4971999987174
202,0.9255269271590396,-1.0764522854251064,MPC,80.4971999987174
203,0.9255269271590396,-1.0764522854251064,MPC,80.4971999987174
204,0.9255269271590396,-1.0764522854251064,MPC,80.4971999987174
205,0.9077619838618242,-1.227834530168928,MPC,70.37499999933061
206,0.9077619838618242,-1.227834530168928,MPC,70.37499999933061
207,0.9077619838618242,-1.227834530168928,MPC,70.37499999933061
208,0.9077619838618242,-1.227834530168928,MPC,70.37499999933061
209,0.9077619838618242,-1.227834530168928,MPC,70.37499999933061
210,0.8963429187676911,-1.3763663883979442,MPC,59.85150000014983
211,0.8963429187676911,-1.3763663883979442,MPC,59.85150000014983
212,0.8963429187676911,-1.3763663883979442,MPC,59.85150000014983
213,0.8963429187676911,-1.3763663883979442,MPC,59.85150000014983
214,0.8963429187676911,-1.3763663883979442,MPC,59.85150000014983
215,0.8917147994745321,-1.5031418906996528,MPC,63.53569999919273
216,0.8917147994745321,-1.5031418906996528,MPC,63.53569999919273
217,0.8917147994745321,-1.5031418906996528,MPC,63.53569999919273
218,0.8917147994745321,-1.5031418906996528,MPC,63.53569999919273
219,0.8917147994745321,-1.5031418906996528,MPC,63.53569999919273
220,0.8929719896816088,-1.5768062798076605,MPC,72.29750000078639
221,0.8929719896816088,-1.5768062798076605,MPC,72.29750000078639
222,0.8929719896816088,-1.5768062798076605,MPC,72.29750000078639
223,0.8929719896816088,-1.5768062798076605,MPC,72.29750000078639
224,0.8929719896816088,-1.5768062798076605,MPC,72.29750000078639
225,0.8983221711926206,-1.5784616325319982,MPC,82.13880000039353
226,0.8983221711926206,-1.5784616325319982,MPC,82.13880000039353
227,0.8983221711926206,-1.5784616325319982,MPC,82.13880000039353
228,0.8983221711926206,-1.5784616325319982,MPC,82.13880000039353
229,0.8983221711926206,-1.5784616325319982,MPC,82.13880000039353
230,0.9065778592893166,-1.503423224252071,MPC,141.13309999993362
231,0.9065778592893166,-1.503423224252071,MPC,141.13309999993362
232,0.9065778592893166,-1.503423224252071,MPC,141.13309999993362
233,0.9065778592893166,-1.503423224252071,MPC,141.13309999993362
234,0.9065778592893166,-1.503423224252071,MPC,141.13309999993362
235,0.9183557200139427,-1.3710328041501458,MPC,56.94969999967725
236,0.9183557200139427,-1.3710328041501458,MPC,56.94969999967725
237,0.9183557200139427,-1.3710328041501458,MPC,56.94969999967725
238,0.9183557200139427,-1.3710328041501458,MPC,56.94969999967725
239,0.9183557200139427,-1.3710328041501458,MPC,56.94969999967725
240,0.9357195923428676,-1.207709492379993,MPC,73.44020000164164
241,0.9357195923428676,-1.207709492379993,MPC,73.44020000164164
242,0.9357195923428676,-1.207709492379993,MPC,73.44020000164164
243,0.9357195923428676,-1.207709492379993,MPC,73.44020000164164
244,0.9357195923428676,-1.207709492379993,MPC,73.44020000164164
245,0.9605726386956378,-1.0391384607266956,MPC,60.30239999927289
246,0.9605726386956378,-1.0391384607266956,MPC,60.30239999927289
247,0.9605726386956378,-1.0391384607266956,MPC,60.30239999927289
248,0.9605726386956378,-1.0391384607266956,MPC,60.30239999927289
249,0.9605726386956378,-1.0391384607266956,MPC,60.30239999927289
250,0.9934720811813356,-0.8804760360103498,MPC,66.14300000001094
251,0.9934720811813356,-0.8804760360103498,MPC,66.14300000001094
252,0.9934720811813356,-0.8804760360103498,MPC,66.14300000001094
253,0.9934720811813356,-0.8804760360103498,MPC,66.14300000001094
254,0.9934720811813356,-0.8804760360103498,MPC,66.14300000001094
255,1.033509179697401,-0.7396329971715276,MPC,76.25569999981963
256,1.033509179697401,-0.7396329971715276,MPC,76.25569999981963
257,1.033509179697401,-0.7396329971715276,MPC,76.25569999981963
258,1.033509179697401,-0.7396329971715276,MPC,76.25569999981963
259,1.033509179697401,-0.7396329971715276,MPC,76.25569999981963
260,1.0788434704368122,-0.6178769213922588,MPC,103.48109999904409
261,1.0788434704368122,-0.6178769213922588,MPC,103.48109999904409
262,1.0788434704368122,-0.6178769213922588,MPC,103.48109999904409
263,1.0788434704368122,-0.6178769213922588,MPC,103.48109999904409
264,1.0788434704368122,-0.6178769213922588,MPC,103.48109999904409
265,1.1272710955684584,-0.514289977281008,MPC,63.62339999941469
266,1.1272710955684584,-0.514289977281008,MPC,63.62339999941469
267,1.1272710955684584,-0.514289977281008,MPC,63.62339999941469
268,1.1272710955684584,-0.514289977281008,MPC,63.62339999941469
269,1.1272710955684584,-0.514289977281008,MPC,63.62339999941469
270,1.176605113005823,-0.42617662933513806,MPC,67.2457000000577
271,1.176605113005823,-0.42617662933513806,MPC,67.2457000000577
272,1.176605113005823,-0.42617662933513806,MPC,67.2457000000577
273,1.176605113005823,-0.42617662933513806,MPC,67.2457000000577
274,1.176605113005823,-0.42617662933513806,MPC,67.2457000000577
275,1.224856954223037,-0.3510581997586672,MPC,101.1134000000311
276,1.224856954223037,-0.3510581997586672,MPC,101.1134000000311
277,1.224856954223037,-0.3510581997586672,MPC,101.1134000000311
278,1.224856954223037,-0.3510581997586672,MPC,101.1134000000311
279,1.224856954223037,-0.3510581997586672,MPC,101.1134000000311
280,1.270301481424607,-0.2862767235773034,MPC,99.35740000037185
281,1.270301481424607,-0.2862767235773034,MPC,99.35740000037185
282,1.270301481424607,-0.2862767235773034,MPC,99.35740000037185
283,1.270301481424607,-0.2862767235773034,MPC,99.35740000037185
284,1.270301481424607,-0.2862767235773034,MPC,99.35740000037185
285,1.311480062146431,-0.2297729351667548,MPC,94.52310000051511
286,1.311480062146431,-0.2297729351667548,MPC,94.52310000051511
287,1.311480062146431,-0.2297729351667548,MPC,94.52310000051511
288,1.311480062146431,-0.2297729351667548,MPC,94.52310000051511
289,1.311480062146431,-0.2297729351667548,MPC,94.52310000051511
290,1.3471823577693767,-0.1796067510038541,MPC,105.16959999949904
291,1.3471823577693767,-0.1796067510038541,MPC,105.16959999949904
292,1.3471823577693767,-0.1796067510038541,MPC,105.16959999949904
293,1.3471823577693767,-0.1796067510038541,MPC,105.16959999949904
294,1.3471823577693767,-0.1796067510038541,MPC,105.16959999949904
295,1.3764213118909359,-0.13429828754640116,MPC,65.00239999877522
296,1.3764213118909359,-0.13429828754640116,MPC,65.00239999877522
297,1.3764213118909359,-0.13429828754640116,MPC,65.00239999877522
298,1.3764213118909359,-0.13429828754640116,MPC,65.00239999877522
299,1.3764213118909359,-0.13429828754640116,MPC,65.00239999877522
300,1.3984106049397642,-0.09247260724174672,MPC,83.01360000041313
301,1.3984106049397642,-0.09247260724174672,MPC,83.01360000041313
302,1.3984106049397642,-0.09247260724174672,MPC,83.01360000041313
303,1.3984106049397642,-0.09247260724174672,MPC,83.01360000041313
304,1.3984106049397642,-0.09247260724174672,MPC,83.01360000041313
305,1.4125455238087168,-0.05303031018982687,MPC,69.29510000009032
306,1.4125455238087168,-0.05303031018982687,MPC,69.29510000009032
307,1.4125455238087168,-0.05303031018982687,MPC,69.29510000009032
308,1.4125455238087168,-0.05303031018982687,MPC,69.29510000009032
309,1.4125455238087168,-0.05303031018982687,MPC,69.29510000009032
310,1.418388199552337,-0.014912281182512869,MPC,63.58209999962128
311,1.418388199552337,-0.014912281182512869,MPC,63.58209999962128
312,1.418388199552337,-0.014912281182512869,MPC,63.58209999962128
313,1.418388199552337,-0.014912281182512869,MPC,63.58209999962128
314,1.418388199552337,-0.014912281182512869,MPC,63.58209999962128
315,1.4156561268425605,0.02281269934892207,MPC,62.18950000038603
316,1.4156561268425605,0.02281269934892207,MPC,62.18950000038603
317,1.4156561268425605,0.02281269934892207,MPC,62.18950000038603
318,1.4156561268425605,0.02281269934892207,MPC,62.18950000038603
319,1.4156561268425605,0.02281269934892207,MPC,62.18950000038603
320,1.4042134880632389,0.06110456213879874,MPC,139.72289999946952
321,1.4042134880632389,0.06110456213879874,MPC,139.72289999946952
322,1.4042134880632389,0.06110456213879874,MPC,139.72289999946952
323,1.4042134880632389,0.06110456213879874,MPC,139.72289999946952
324,1.4042134880632389,0.06110456213879874,MPC,139.72289999946952
325,1.3840645266625955,0.10091534181527011,MPC,85.51860000079614
326,1.3840645266625955,0.10091534181527011,MPC,85.51860000079614
327,1.3840645266625955,0.10091534181527011,MPC,85.51860000079614
328,1.3840645266625955,0.10091534181527011,MPC,85.51860000079614
329,1.3840645266625955,0.10091534181527011,MPC,85.51860000079614
330,1.3553485624716155,0.14330337678605415,MPC,75.92870000007679
331,1.3553485624716155,0.14330337678605415,MPC,75.92870000007679
332,1.3553485624716155,0.14330337678605415,MPC,75.92870000007679
333,1.3553485624716155,0.14330337678605415,MPC,75.92870000007679
334,1.3553485624716155,0.14330337678605415,MPC,75.92870000007679
335,1.3183364753423643,0.18943486734289183,MPC,84.58359999895038
336,1.3183364753423643,0.18943486734289183,MPC,84.58359999895038
337,1.3183364753423643,0.18943486734289183,MPC,84.58359999895038
338,1.3183364753423643,0.18943486734289183,MPC,84.58359999895038
339,1.3183364753423643,0.18943486734289183,MPC,84.58359999895038
340,1.2734286826910963,0.24068025287548844,MPC,121.67680000129621
341,1.2734286826910963,0.24068025287548844,MPC,121.67680000129621
342,1.2734286826910963,0.24068025287548844,MPC,121.67680000129621
343,1.2734286826910963,0.24068025287548844,MPC,121.67680000129621
344,1.2734286826910963,0.24068025287548844,MPC,121.67680000129621
345,1.2211551334550672,0.2986436802745036,MPC,69.32580000102462
346,1.2211551334550672,0.2986436802745036,MPC,69.32580000102462
347,1.2211551334550672,0.2986436802745036,MPC,69.32580000102462
348,1.2211551334550672,0.2986436802745036,MPC,69.32580000102462
349,1.2211551334550672,0.2986436802745036,MPC,69.32580000102462
350,1.1621782212166774,0.3652432405916433,MPC,66.60720000036235
351,1.1621782212166774,0.3652432405916433,MPC,66.60720000036235
352,1.1621782212166774,0.3652432405916433,MPC,66.60720000036235
353,1.1621782212166774,0.3652432405916433,MPC,66.60720000036235
354,1.1621782212166774,0.3652432405916433,MPC,66.60720000036235
355,1.0973005222776655,0.4427262769739758,MPC,108.47680000006221
356,1.0973005222776655,0.4427262769739758,MPC,108.47680000006221
357,1.0973005222776655,0.4427262769739758,MPC,108.47680000006221
358,1.0973005222776655,0.4427262769739758,MPC,108.47680000006221
359,1.0973005222776655,0.4427262769739758,MPC,108.47680000006221
360,1.0274805029280962,0.5336519206933712,MPC,70.6121000002895
361,1.0274805029280962,0.5336519206933712,MPC,70.6121000002895
362,1.0274805029280962,0.5336519206933712,MPC,70.6121000002895
363,1.0274805029280962,0.5336519206933712,MPC,70.6121000002895
364,1.0274805029280962,0.5336519206933712,MPC,70.6121000002895
365,0.9538617825835419,0.6406940724279732,MPC,87.63299999918672
366,0.9538617825835419,0.6406940724279732,MPC,87.63299999918672
367,0.9538617825835419,0.6406940724279732,MPC,87.63299999918672
368,0.9538617825835419,0.6406940724279732,MPC,87.63299999918672
369,0.9538617825835419,0.6406940724279732,MPC,87.63299999918672
370,0.8778249857750159,0.7661465421325713,MPC,68.45290000092064
371,0.8778249857750159,0.7661465421325713,MPC,68.45290000092064
372,0.8778249857750159,0.7661465421325713,MPC,68.45290000092064
373,0.8778249857750159,0.7661465421325713,MPC,68.45290000092064
374,0.8778249857750159,0.7661465421325713,MPC,68.45290000092064
375,0.8010760191615034,0.9108358565542978,MPC,69.56209999952989
376,0.8010760191615034,0.9108358565542978,MPC,69.56209999952989
377,0.8010760191615034,0.9108358565542978,MPC,69.56209999952989
378,0.8010760191615034,0.9108358565542978,MPC,69.56209999952989
379,0.8010760191615034,0.9108358565542978,MPC,69.56209999952989
380,0.7257873836513377,1.072176814071653,MPC,92.57849999994505
381,0.7257873836513377,1.072176814071653,MPC,92.57849999994505
382,0.7257873836513377,1.072176814071653,MPC,92.57849999994505
383,0.7257873836513377,1.072176814071653,MPC,92.57849999994505
384,0.7257873836513377,1.072176814071653,MPC,92.57849999994505
385,0.6547984827811715,1.2413497504822943,MPC,115.68149999948218
386,0.6547984827811715,1.2413497504822943,MPC,115.68149999948218
387,0.6547984827811715,1.2413497504822943,MPC,115.68149999948218
388,0.6547984827811715,1.2413497504822943,MPC,115.68149999948218
389,0.6547984827811715,1.2413497504822943,MPC,115.68149999948218
390,0.5918247056615864,1.4006960641322599,MPC,97.32079999957932
391,0.5918247056615864,1.4006960641322599,MPC,97.32079999957932
392,0.5918247056615864,1.4006960641322599,MPC,97.32079999957932
393,0.5918247056615864,1.4006960641322599,MPC,97.32079999957932
394,0.5918247056615864,1.4006960641322599,MPC,97.32079999957932
395,0.541476748415722,1.5243047490394914,MPC,100.93809999852965
396,0.541476748415722,1.5243047490394914,MPC,100.93809999852965
397,0.541476748415722,1.5243047490394914,MPC,100.93809999852965
398,0.541476748415722,1.5243047490394914,MPC,100.93809999852965
399,0.541476748415722,1.5243047490394914,MPC,100.93809999852965
400,0.5086903117703097,1.5854154541532797,MPC,100.87729999941075
401,0.5086903117703097,1.5854154541532797,MPC,100.87729999941075
402,0.5086903117703097,1.5854154541532797,MPC,100.87729999941075
403,0.5086903117703097,1.5854154541532797,MPC,100.87729999941075
404,0.5086903117703097,1.5854154541532797,MPC,100.87729999941075
405,0.4972603173723578,1.5694703931169476,MPC,75.17580000057933
406,0.4972603173723578,1.5694703931169476,MPC,75.17580000057933
407,0.4972603173723578,1.5694703931169476,MPC,75.17580000057933
408,0.4972603173723578,1.5694703931169476,MPC,75.17580000057933
409,0.4972603173723578,1.5694703931169476,MPC,75.17580000057933
410,0.5080122808125644,1.4831532227173994,MPC,64.39440000031027
411,0.5080122808125644,1.4831532227173994,MPC,64.39440000031027
412,0.5080122808125644,1.4831532227173994,MPC,64.39440000031027
413,0.5080122808125644,1.4831532227173994,MPC,64.39440000031027
414,0.5080122808125644,1.4831532227173994,MPC,64.39440000031027
415,0.5380649926875688,1.3503026428462,MPC,119.46100000022852
416,0.5380649926875688,1.3503026428462,MPC,119.46100000022852
417,0.5380649926875688,1.3503026428462,MPC,119.46100000022852
418,0.5380649926875688,1.3503026428462,MPC,119.46100000022852
419,0.5380649926875688,1.3503026428462,MPC,119.46100000022852
420,0.5819748627919863,1.19887555774099,MPC,68.93080000008922
421,0.5819748627919863,1.19887555774099,MPC,68.93080000008922
422,0.5819748627919863,1.19887555774099,MPC,68.93080000008922
423,0.5819748627919863,1.19887555774099,MPC,68.93080000008922
424,0.5819748627919863,1.19887555774099,MPC,68.93080000008922
425,0.6337599856640352,1.0505071782135549,MPC,96.3672999987466
426,0.6337599856640352,1.0505071782135549,MPC,96.3672999987466
427,0.6337599856640352,1.0505071782135549,MPC,96.3672999987466
428,0.6337599856640352,1.0505071782135549,MPC,96.3672999987466
429,0.6337599856640352,1.0505071782135549,MPC,96.3672999987466
430,0.6883378413137824,0.9175372746832554,MPC,57.96310000005178
431,0.6883378413137824,0.9175372746832554,MPC,57.96310000005178
432,0.6883378413137824,0.9175372746832554,MPC,57.96310000005178
433,0.6883378413137824,0.9175372746832554,MPC,57.96310000005178
434,0.6883378413137824,0.9175372746832554,MPC,57.96310000005178
435,0.7419550542466264,0.804886851123056,MPC,58.90240000007907
436,0.7419550542466264,0.804886851123056,MPC,58.90240000007907
437,0.7419550542466264,0.804886851123056,MPC,58.90240000007907
438,0.7419550542466264,0.804886851123056,MPC,58.90240000007907
439,0.7419550542466264,0.804886851123056,MPC,58.90240000007907
440,0.7920137722191184,0.713072840878727,MPC,84.93920000000799
441,0.7920137722191184,0.713072840878727,MPC,84.93920000000799
442,0.7920137722191184,0.713072840878727,MPC,84.93920000000799
443,0.7920137722191184,0.713072840878727,MPC,84.93920000000799
444,0.7920137722191184,0.713072840878727,MPC,84.93920000000799
445,0.8367428816173852,0.6405665171552373,MPC,106.89469999852008
446,0.8367428816173852,0.6405665171552373,MPC,106.89469999852008
447,0.8367428816173852,0.6405665171552373,MPC,106.89469999852008
448,0.8367428816173852,0.6405665171552373,MPC,106.89469999852008
449,0.8367428816173852,0.6405665171552373,MPC,106.89469999852008
450,0.8749223915439065,0.5852028427762391,MPC,115.27670000032231
451,0.8749223915439065,0.5852028427762391,MPC,115.27670000032231
452,0.8749223915439065,0.5852028427762391,MPC,115.27670000032231
453,0.8749223915439065,0.5852028427762391,MPC,115.27670000032231
454,0.8749223915439065,0.5852028427762391,MPC,115.27670000032231
455,0.9057018275232495,0.544892975060057,MPC,84.09690000007686
456,0.9057018275232495,0.544892975060057,MPC,84.09690000007686
457,0.9057018275232495,0.544892975060057,MPC,84.09690000007686
458,0.9057018275232495,0.544892975060057,MPC,84.09690000007686
459,0.9057018275232495,0.544892975060057,MPC,84.09690000007686
460,0.9284934518117126,0.5179334305918788,MPC,81.10599999963597
461,0.9284934518117126,0.5179334305918788,MPC,81.10599999963597
462,0.9284934518117126,0.5179334305918788,MPC,81.10599999963597
463,0.9284934518117126,0.5179334305918788,MPC,81.10599999963597
464,0.9284934518117126,0.5179334305918788,MPC,81.10599999963597
465,0.9429134615862902,0.50311576030815,MPC,86.81720000095083
466,0.9429134615862902,0.50311576030815,MPC,86.81720000095083
467,0.9429134615862902,0.50311576030815,MPC,86.81720000095083
468,0.9429134615862902,0.50311576030815,MPC,86.81720000095083
469,0.9429134615862902,0.50311576030815,MPC,86.81720000095083
470,0.9487514144798692,0.49975150839818266,MPC,87.57380000133708
471,0.9487514144798692,0.49975150839818266,MPC,87.57380000133708
472,0.9487514144798692,0.49975150839818266,MPC,87.57380000133708
473,0.9487514144798692,0.49975150839818266,MPC,87.57380000133708
474,0.9487514144798692,0.49975150839818266,MPC,87.57380000133708
475,0.945955992517572,0.5076711759664799,MPC,72.80160000118485
476,0.945955992517572,0.5076711759664799,MPC,72.80160000118485
477,0.945955992517572,0.5076711759664799,MPC,72.80160000118485
478,0.945955992517572,0.5076711759664799,MPC,72.80160000118485
479,0.945955992517572,0.5076711759664799,MPC,72.80160000118485
480,0.9346308128739783,0.5272221919750784,MPC,98.77049999886367
481,0.9346308128739783,0.5272221919750784,MPC,98.77049999886367
482,0.9346308128739783,0.5272221919750784,MPC,98.77049999886367
483,0.9346308128739783,0.5272221919750784,MPC,98.77049999886367
484,0.9346308128739783,0.5272221919750784,MPC,98.77049999886367
485,0.9150376201143613,0.559271403746154,MPC,89.40220000113186
486,0.9150376201143613,0.559271403746154,MPC,89.40220000113186
487,0.9150376201143613,0.559271403746154,MPC,89.40220000113186
488,0.9150376201143613,0.559271403746154,MPC,89.40220000113186
489,0.9150376201143613,0.559271403746154,MPC,89.40220000113186
490,0.8876067397540903,0.6051999006221427,MPC,63.86740000016289
491,0.8876067397540903,0.6051999006221427,MPC,63.86740000016289
492,0.8876067397540903,0.6051999006221427,MPC,63.86740000016289
493,0.8876067397540903,0.6051999006221427,MPC,63.86740000016289
494,0.8876067397540903,0.6051999006221427,MPC,63.86740000016289
495,0.8529569379204979,0.6668547753392021,MPC,73.86129999940749
496,0.8529569379204979,0.6668547753392021,MPC,73.86129999940749
497,0.8529569379204979,0.6668547753392021,MPC,73.86129999940749
498,0.8529569379204979,0.6668547753392021,MPC,73.86129999940749
499,0.8529569379204979,0.6668547753392021,MPC,73.86129999940749
500,0.8119294995214988,0.7463817513323414,MPC,63.289600000643986
501,0.8119294995214988,0.7463817513323414,MPC,63.289600000643986
502,0.8119294995214988,0.7463817513323414,MPC,63.289600000643986
503,0.8119294995214988,0.7463817513323414,MPC,63.289600000643986
504,0.8119294995214988,0.7463817513323414,MPC,63.289600000643986
505,0.765644959419153,0.8457949498823658,MPC,63.969799999540555
506,0.765644959419153,0.8457949498823658,MPC,63.969799999540555
507,0.765644959419153,0.8457949498823658,MPC,63.969799999540555
508,0.765644959419153,0.8457949498823658,MPC,63.969799999540555
509,0.765644959419153,0.8457949498823658,MPC,63.969799999540555
510,0.7155955441614412,0.9660458707384316,MPC,116.96570000094653
511,0.7155955441614412,0.9660458707384316,MPC,116.96570000094653
512,0.7155955441614412,0.9660458707384316,MPC,116.96570000094653
513,0.7155955441614412,0.9660458707384316,MPC,116.96570000094653
514,0.7155955441614412,0.9660458707384316,MPC,116.96570000094653
515,0.6637898920544111,1.105290454630623,MPC,67.92990000030841
516,0.6637898920544111,1.105290454630623,MPC,67.92990000030841
517,0.6637898920544111,1.105290454630623,MPC,67.92990000030841
518,0.6637898920544111,1.105290454630623,MPC,67.92990000030841
519,0.6637898920544111,1.105290454630623,MPC,67.92990000030841
520,0.6129598653361523,1.2562287074108722,MPC,91.60379999957513
521,0.6129598653361523,1.2562287074108722,MPC,91.60379999957513
522,0.6129598653361523,1.2562287074108722,MPC,91.60379999957513
523,0.6129598653361523,1.2562287074108722,MPC,91.60379999957513
524,0.6129598653361523,1.2562287074108722,MPC,91.60379999957513
525,0.5667962927501344,1.4032385617194125,MPC,82.64589999998861
526,0.5667962927501344,1.4032385617194125,MPC,82.64589999998861
527,0.5667962927501344,1.4032385617194125,MPC,82.64589999998861
528,0.5667962927501344,1.4032385617194125,MPC,82.64589999998861
529,0.5667962927501344,1.4032385617194125,MPC,82.64589999998861
530,0.5300562049161734,1.521808512340229,MPC,97.37179999865475
531,0.5300562049161734,1.521808512340229,MPC,97.37179999865475
532,0.5300562049161734,1.521808512340229,MPC,97.37179999865475
533,0.5300562049161734,1.521808512340229,MPC,97.37179999865475
534,0.5300562049161734,1.521808512340229,MPC,97.37179999865475
535,0.5081823067825089,1.5840780210395524,MPC,108.78410000077565
536,0.5081823067825089,1.5840780210395524,MPC,108.78410000077565
537,0.5081823067825089,1.5840780210395524,MPC,108.78410000077565
538,0.5081823067825089,1.5840780210395524,MPC,108.78410000077565
539,0.5081823067825089,1.5840780210395524,MPC,108.78410000077565
540,0.506051996833021,1.57110743709992,MPC,123.26519999987795
541,0.506051996833021,1.57110743709992,MPC,123.26519999987795
542,0.506051996833021,1.57110743709992,MPC,123.26519999987795
543,0.506051996833021,1.57110743709992,MPC,123.26519999987795
544,0.506051996833021,1.57110743709992,MPC,123.26519999987795
545,0.5261148886795901,1.48402990660558,MPC,78.85970000097586
546,0.5261148886795901,1.48402990660558,MPC,78.85970000097586
547,0.5261148886795901,1.48402990660558,MPC,78.85970000097586
548,0.5261148886795901,1.48402990660558,MPC,78.85970000097586
549,0.5261148886795901,1.48402990660558,MPC,78.85970000097586
550,0.567204781066657,1.343359894039014,MPC,67.935099999886
551,0.567204781066657,1.343359894039014,MPC,67.935099999886
552,0.567204781066657,1.343359894039014,MPC,67.935099999886
553,0.567204781066657,1.343359894039014,MPC,67.935099999886
554,0.567204781066657,1.343359894039014,MPC,67.935099999886
555,0.6251387597514098,1.177063714774254,MPC,72.54119999925024
556,0.6251387597514098,1.177063714774254,MPC,72.54119999925024
557,0.6251387597514098,1.177063714774254,MPC,72.54119999925024
558,0.6251387597514098,1.177063714774254,MPC,72.54119999925024
559,0.6251387597514098,1.177063714774254,MPC,72.54119999925024
560,0.694548727257073,1.008642636339904,MPC,71.63460000083433
561,0.694548727257073,1.008642636339904,MPC,71.63460000083433
562,0.694548727257073,1.008642636339904,MPC,71.63460000083433
563,0.694548727257073,1.008642636339904,MPC,71.63460000083433
564,0.694548727257073,1.008642636339904,MPC,71.63460000083433
565,0.7704767854272916,0.8523948050757388,MPC,92.69709999898623
566,0.7704767854272916,0.8523948050757388,MPC,92.69709999898623
567,0.7704767854272916,0.8523948050757388,MPC,92.69709999898623
568,0.7704767854272916,0.8523948050757388,MPC,92.69709999898623
569,0.7704767854272916,0.8523948050757388,MPC,92.69709999898623
570,0.8490350922262209,0.7144899384323766,MPC,89.75610000015877
571,0.8490350922262209,0.7144899384323766,MPC,89.75610000015877
572,0.8490350922262209,0.7144899384323766,MPC,89.75610000015877
573,0.8490350922262209,0.7144899384323766,MPC,89.75610000015877
574,0.8490350922262209,0.7144899384323766,MPC,89.75610000015877
575,0.9273774796419414,0.5959415861535126,MPC,105.06189999978233
576,0.9273774796419414,0.5959415861535126,MPC,105.06189999978233
577,0.9273774796419414,0.5959415861535126,MPC,105.06189999978233
578,0.9273774796419414,0.5959415861535126,MPC,105.06189999978233
579,0.9273774796419414,0.5959415861535126,MPC,105.06189999978233
580,0.4291390516144349,0.6071343939171915,MPC,107.92690000016592
581,0.4291390516144349,0.6071343939171915,MPC,107.92690000016592
582,0.4291390516144349,0.6071343939171915,MPC,107.92690000016592
583,0.4291390516144349,0.6071343939171915,MPC,107.92690000016592
584,0.4291390516144349,0.6071343939171915,MPC,107.92690000016592
585,-2.000000001879576,2.323751920402896,MPC,82.21210000010615
586,-2.000000001879576,2.323751920402896,MPC,82.21210000010615
587,-2.000000001879576,2.323751920402896,MPC,82.21210000010615
588,-2.000000001879576,2.323751920402896,MPC,82.21210000010615
589,-2.000000001879576,2.323751920402896,MPC,82.21210000010615
590,2.0000000811326757,3.0000000218385794,MPC,114.68889999923704
591,2.0000000811326757,3.0000000218385794,MPC,114.68889999923704
592,2.0000000811326757,3.0000000218385794,MPC,114.68889999923704
593,2.0000000811326757,3.0000000218385794,MPC,114.68889999923704
594,2.0000000811326757,3.0000000218385794,MPC,114.68889999923704
595,2.0000000508557143,-2.999999994742131,MPC,78.5357999993721
596,2.0000000508557143,-2.999999994742131,MPC,78.5357999993721
597,2.0000000508557143,-2.999999994742131,MPC,78.5357999993721
598,2.0000000508557143,-2.999999994742131,MPC,78.5357999993721
599,2.0000000508557143,-2.999999994742131,MPC,78.5357999993721
600,1.9999999936454804,-2.333857711541168,MPC,150.85269999872253
601,1.9999999936454804,-2.333857711541168,MPC,150.85269999872253
602,1.9999999936454804,-2.333857711541168,MPC,150.85269999872253
603,1.9999999936454804,-2.333857711541168,MPC,150.85269999872253
604,1.9999999936454804,-2.333857711541168,MPC,150.85269999872253
605,2.0,2.0959688240962517,MPC,98.2053999996424
606,2.0,2.0959688240962517,MPC,98.2053999996424
607,2.0,2.0959688240962517,MPC,98.2053999996424
608,2.0,2.0959688240962517,MPC,98.2053999996424
609,2.0,2.0959688240962517,MPC,98.2053999996424
610,2.0,-1.3711998374791639,MPC,63.64220000068599
611,2.0,-1.3711998374791639,MPC,63.64220000068599
612,2.0,-1.3711998374791639,MPC,63.64220000068599
613,2.0,-1.3711998374791639,MPC,63.64220000068599
614,2.0,-1.3711998374791639,MPC,63.64220000068599
615,1.3810060316999913,1.2464791691632295,MPC,67.86629999987781
616,1.3810060316999913,1.2464791691632295,MPC,67.86629999987781
617,1.3810060316999913,1.2464791691632295,MPC,67.86629999987781
618,1.3810060316999913,1.2464791691632295,MPC,67.86629999987781
619,1.3810060316999913,1.2464791691632295,MPC,67.86629999987781
620,1.3827623807501053,-0.8569443885927639,MPC,74.62019999911718
621,1.3827623807501053,-0.8569443885927639,MPC,74.62019999911718
622,1.3827623807501053,-0.8569443885927639,MPC,74.62019999911718
623,1.3827623807501053,-0.8569443885927639,MPC,74.62019999911718
624,1.3827623807501053,-0.8569443885927639,MPC,74.62019999911718
625,1.4004363900675667,0.7109005165880405,MPC,55.80110000119021
626,1.4004363900675667,0.7109005165880405,MPC,55.80110000119021
627,1.4004363900675667,0.7109005165880405,MPC,55.80110000119021
628,1.4004363900675667,0.7109005165880405,MPC,55.80110000119021
629,1.4004363900675667,0.7109005165880405,MPC,55.80110000119021
630,1.4097932120406835,-0.5735092998115571,MPC,81.52390000032028
631,1.4097932120406835,-0.5735092998115571,MPC,81.52390000032028
632,1.4097932120406835,-0.5735092998115571,MPC,81.52390000032028
633,1.4097932120406835,-0.5735092998115571,MPC,81.52390000032028
634,1.4097932120406835,-0.5735092998115571,MPC,81.52390000032028
635,1.4095640616237806,0.35837724433327534,MPC,120.90180000086548
636,1.4095640616237806,0.35837724433327534,MPC,120.90180000086548
637,1.4095640616237806,0.35837724433327534,MPC,120.90180000086548
638,1.4095640616237806,0.35837724433327534,MPC,120.90180000086548
639,1.4095640616237806,0.35837724433327534,MPC,120.90180000086548
640,1.4009887300827637,-0.43456056769430157,MPC,68.08970000020054
641,1.4009887300827637,-0.43456056769430157,MPC,68.08970000020054
642,1.4009887300827637,-0.43456056769430157,MPC,68.08970000020054
643,1.4009887300827637,-0.43456056769430157,MPC,68.08970000020054
644,1.4009887300827637,-0.43456056769430157,MPC,68.08970000020054
645,1.3843699576307904,0.1087716785122996,MPC,58.88960000083898
646,1.3843699576307904,0.1087716785122996,MPC,58.88960000083898
647,1.3843699576307904,0.1087716785122996,MPC,58.88960000083898
648,1.3843699576307904,0.1087716785122996,MPC,58.88960000083898
649,1.3843699576307904,0.1087716785122996,MPC,58.88960000083898
650,1.360029268283339,-0.392418265537099,MPC,75.04340000014054
651,1.360029268283339,-0.392418265537099,MPC,75.04340000014054
652,1.360029268283339,-0.392418265537099,MPC,75.04340000014054
653,1.360029268283339,-0.392418265537099,MPC,75.04340000014054
654,1.360029268283339,-0.392418265537099,MPC,75.04340000014054
655,1.329370753146398,-0.09067217383239345,MPC,62.977699999464676
656,1.329370753146398,-0.09067217383239345,MPC,62.977699999464676
657,1.329370753146398,-0.09067217383239345,MPC,62.977699999464676
658,1.329370753146398,-0.09067217383239345,MPC,62.977699999464676
659,1.329370753146398,-0.09067217383239345,MPC,62.977699999464676
660,1.292634638913964,-0.4239028731605999,MPC,56.235099998957594
661,1.292634638913964,-0.4239028731605999,MPC,56.235099998957594
662,1.292634638913964,-0.4239028731605999,MPC,56.235099998957594
663,1.292634638913964,-0.4239028731605999,MPC,56.235099998957594
664,1.292634638913964,-0.4239028731605999,MPC,56.235099998957594
665,1.2518396440192512,-0.2786249155363515,MPC,109.59080000066024
666,1.2518396440192512,-0.2786249155363515,MPC,109.59080000066024
667,1.2518396440192512,-0.2786249155363515,MPC,109.59080000066024
668,1.2518396440192512,-0.2786249155363515,MPC,109.59080000066024
669,1.2518396440192512,-0.2786249155363515,MPC,109.59080000066024
670,1.2075904888999296,-0.5232702666557622,MPC,73.19559999996272
671,1.2075904888999296,-0.5232702666557622,MPC,73.19559999996272
672,1.2075904888999296,-0.5232702666557622,MPC,73.19559999996272
673,1.2075904888999296,-0.5232702666557622,MPC,73.19559999996272
674,1.2075904888999296,-0.5232702666557622,MPC,73.19559999996272
675,1.162359738127078,-0.48812338134169525,MPC,95.26000000005297
676,1.162359738127078,-0.48812338134169525,MPC,95.26000000005297
677,1.162359738127078,-0.48812338134169525,MPC,95.26000000005297
678,1.162359738127078,-0.48812338134169525,MPC,95.26000000005297
679,1.162359738127078,-0.48812338134169525,MPC,95.26000000005297
680,1.117335992717015,-0.6976096448263989,MPC,66.8033000001742
681,1.117335992717015,-0.6976096448263989,MPC,66.8033000001742
682,1.117335992717015,-0.6976096448263989,MPC,66.8033000001742
683,1.117335992717015,-0.6976096448263989,MPC,66.8033000001742
684,1.117335992717015,-0.6976096448263989,MPC,66.8033000001742
685,1.075357913840294,-0.7491018175726496,MPC,76.91530000010971
686,1.075357913840294,-0.7491018175726496,MPC,76.91530000010971
687,1.075357913840294,-0.7491018175726496,MPC,76.91530000010971
688,1.075357913840294,-0.7491018175726496,MPC,76.91530000010971
689,1.075357913840294,-0.7491018175726496,MPC,76.91530000010971
690,1.0380850742726493,-0.9569994736984309,MPC,70.91230000150972
691,1.0380850742726493,-0.9569994736984309,MPC,70.91230000150972
692,1.0380850742726493,-0.9569994736984309,MPC,70.91230000150972
693,1.0380850742726493,-0.9569994736984309,MPC,70.91230000150972
694,1.0380850742726493,-0.9569994736984309,MPC,70.91230000150972
695,1.008193368788331,-1.0744548309267627,MPC,120.59989999943355
696,1.008193368788331,-1.0744548309267627,MPC,120.59989999943355
697,1.008193368788331,-1.0744548309267627,MPC,120.59989999943355
698,1.008193368788331,-1.0744548309267627,MPC,120.59989999943355
699,1.008193368788331,-1.0744548309267627,MPC,120.59989999943355
700,0.9866954974409461,-1.2800593689331883,MPC,62.13909999860334
701,0.9866954974409461,-1.2800593689331883,MPC,62.13909999860334
702,0.9866954974409461,-1.2800593689331883,MPC,62.13909999860334
703,0.9866954974409461,-1.2800593689331883,MPC,62.13909999860334
704,0.9866954974409461,-1.2800593689331883,MPC,62.13909999860334
705,0.9741575619431069,-1.4083023379303392,MPC,84.12099999986822
706,0.9741575619431069,-1.4083023379303392,MPC,84.12099999986822
707,0.9741575619431069,-1.4083023379303392,MPC,84.12099999986822
708,0.9741575619431069,-1.4083023379303392,MPC,84.12099999986822
709,0.9741575619431069,-1.4083023379303392,MPC,84.12099999986822
710,0.9684031521901385,-1.5457379515862109,MPC,77.83240000026126
711,0.9684031521901385,-1.5457379515862109,MPC,77.83240000026126
712,0.9684031521901385,-1.5457379515862109,MPC,77.83240000026126
713,0.9684031521901385,-1.5457379515862109,MPC,77.83240000026126
714,0.9684031521901385,-1.5457379515862109,MPC,77.83240000026126
715,0.9661976324430901,-1.5787935798587676,MPC,66.1448000009841
716,0.9661976324430901,-1.5787935798587676,MPC,66.1448000009841
717,0.9661976324430901,-1.5787935798587676,MPC,66.1448000009841
718,0.9661976324430901,-1.5787935798587676,MPC,66.1448000009841
719,0.9661976324430901,-1.5787935798587676,MPC,66.1448000009841
720,0.9637356405561228,-1.5640920184956808,MPC,82.0315999990271
721,0.9637356405561228,-1.5640920184956808,MPC,82.0315999990271
722,0.9637356405561228,-1.5640920184956808,MPC,82.0315999990271
723,0.9637356405561228,-1.5640920184956808,MPC,82.0315999990271
724,0.9637356405561228,-1.5640920184956808,MPC,82.0315999990271
725,0.9599485054726342,-1.4590195921187679,MPC,71.5689000007842
726,0.9599485054726342,-1.4590195921187679,MPC,71.5689000007842
727,0.9599485054726342,-1.4590195921187679,MPC,71.5689000007842
728,0.9599485054726342,-1.4590195921187679,MPC,71.5689000007842
729,0.9599485054726342,-1.4590195921187679,MPC,71.5689000007842
730,0.9563747165280936,-1.3298291728496439,MPC,132.38760000058392
731,0.9563747165280936,-1.3298291728496439,MPC,132.38760000058392
732,0.9563747165280936,-1.3298291728496439,MPC,132.38760000058392
733,0.9563747165280936,-1.3298291728496439,MPC,132.38760000058392
734,0.9563747165280936,-1.3298291728496439,MPC,132.38760000058392
735,0.9561310348085951,-1.1722563565484247,MPC,96.40649999892048
736,0.9561310348085951,-1.1722563565484247,MPC,96.40649999892048
737,0.9561310348085951,-1.1722563565484247,MPC,96.40649999892048
738,0.9561310348085951,-1.1722563565484247,MPC,96.40649999892048
739,0.9561310348085951,-1.1722563565484247,MPC,96.40649999892048
740,0.961254040794537,-1.0309112888920673,MPC,82.67669999986538
741,0.961254040794537,-1.0309112888920673,MPC,82.67669999986538
742,0.961254040794537,-1.0309112888920673,MPC,82.67669999986538
743,0.961254040794537,-1.0309112888920673,MPC,82.67669999986538
744,0.961254040794537,-1.0309112888920673,MPC,82.67669999986538
745,0.9721314429662082,-0.897716102831745,MPC,78.44090000071446
746,0.9721314429662082,-0.897716102831745,MPC,78.44090000071446
747,0.9721314429662082,-0.897716102831745,MPC,78.44090000071446
748,0.9721314429662082,-0.897716102831745,MPC,78.44090000071446
749,0.9721314429662082,-0.897716102831745,MPC,78.44090000071446
750,0.9875675902314858,-0.7914046995926262,MPC,106.5612999991572
751,0.9875675902314858,-0.7914046995926262,MPC,106.5612999991572
752,0.9875675902314858,-0.7914046995926262,MPC,106.5612999991572
753,0.9875675902314858,-0.7914046995926262,MPC,106.5612999991572
754,0.9875675902314858,-0.7914046995926262,MPC,106.5612999991572
755,1.0056907280735639,-0.7006392667450851,MPC,63.80860000172106
756,1.0056907280735639,-0.7006392667450851,MPC,63.80860000172106
757,1.0056907280735639,-0.7006392667450851,MPC,63.80860000172106
758,1.0056907280735639,-0.7006392667450851,MPC,63.80860000172106
759,1.0056907280735639,-0.7006392667450851,MPC,63.80860000172106
760,1.0244154957660503,-0.6325855546807307,MPC,124.12480000057258
761,1.0244154957660503,-0.6325855546807307,MPC,124.12480000057258
762,1.0244154957660503,-0.6325855546807307,MPC,124.12480000057258
763,1.0244154957660503,-0.6325855546807307,MPC,124.12480000057258
764,1.0244154957660503,-0.6325855546807307,MPC,124.12480000057258
765,1.041865778187879,-0.5782270810841613,MPC,103.91809999964607
766,1.041865778187879,-0.5782270810841613,MPC,103.91809999964607
767,1.041865778187879,-0.5782270810841613,MPC,103.91809999964607
768,1.041865778187879,-0.5782270810841613,MPC,103.91809999964607
769,1.041865778187879,-0.5782270810841613,MPC,103.91809999964607
770,1.0564533481134266,-0.5408655526046284,MPC,98.78550000030373
771,1.0564533481134266,-0.5408655526046284,MPC,98.78550000030373
772,1.0564533481134266,-0.5408655526046284,MPC,98.78550000030373
773,1.0564533481134266,-0.5408655526046284,MPC,98.78550000030373
774,1.0564533481134266,-0.5408655526046284,MPC,98.78550000030373
775,1.0669607941988173,-0.514773844816447,MPC,65.05079999988084
776,1.0669607941988173,-0.514773844816447,MPC,65.05079999988084
777,1.0669607941988173,-0.514773844816447,MPC,65.05079999988084
778,1.0669607941988173,-0.514773844816447,MPC,65.05079999988084
779,1.0669607941988173,-0.514773844816447,MPC,65.05079999988084
780,1.0725012996074577,-0.502044944287179,MPC,80.62020000033954
781,1.0725012996074577,-0.502044944287179,MPC,80.62020000033954
782,1.0725012996074577,-0.502044944287179,MPC,80.62020000033954
783,1.0725012996074577,-0.502044944287179,MPC,80.62020000033954
784,1.0725012996074577,-0.502044944287179,MPC,80.62020000033954
785,1.0725211907960528,-0.49961353469240316,MPC,73.97870000022522
786,1.0725211907960528,-0.49961353469240316,MPC,73.97870000022522
787,1.0725211907960528,-0.49961353469240316,MPC,73.97870000022522
788,1.0725211907960528,-0.49961353469240316,MPC,73.97870000022522
789,1.0725211907960528,-0.49961353469240316,MPC,73.97870000022522
790,1.0667622802707133,-0.5093342466172613,MPC,110.81190000004426
791,1.0667622802707133,-0.5093342466172613,MPC,110.81190000004426
792,1.0667622802707133,-0.5093342466172613,MPC,110.81190000004426
793,1.0667622802707133,-0.5093342466172613,MPC,110.81190000004426
794,1.0667622802707133,-0.5093342466172613,MPC,110.81190000004426
795,1.0552621500116035,-0.5301628626571689,MPC,60.87010000010196
796,1.0552621500116035,-0.5301628626571689,MPC,60.87010000010196
797,1.0552621500116035,-0.5301628626571689,MPC,60.87010000010196
798,1.0552621500116035,-0.5301628626571689,MPC,60.87010000010196
799,1.0552621500116035,-0.5301628626571689,MPC,60.87010000010196
800,1.0383401653504765,-0.5642233822240067,MPC,93.73430000050575
801,1.0383401653504765,-0.5642233822240067,MPC,93.73430000050575
802,1.0383401653504765,-0.5642233822240067,MPC,93.73430000050575
803,1.0383401653504765,-0.5642233822240067,MPC,93.73430000050575
804,1.0383401653504765,-0.5642233822240067,MPC,93.73430000050575
805,1.0166103809628637,-0.6120961491264824,MPC,87.02049999919836
806,1.0166103809628637,-0.6120961491264824,MPC,87.02049999919836
807,1.0166103809628637,-0.6120961491264824,MPC,87.02049999919836
808,1.0166103809628637,-0.6120961491264824,MPC,87.02049999919836
809,1.0166103809628637,-0.6120961491264824,MPC,87.02049999919836
810,0.9909874928414586,-0.6764048377842309,MPC,90.67470000081812
811,0.9909874928414586,-0.6764048377842309,MPC,90.67470000081812
812,0.9909874928414586,-0.6764048377842309,MPC,90.67470000081812
813,0.9909874928414586,-0.6764048377842309,MPC,90.67470000081812
814,0.9909874928414586,-0.6764048377842309,MPC,90.67470000081812
815,0.9627062272096434,-0.7587889048762158,MPC,83.03469999918889
816,0.9627062272096434,-0.7587889048762158,MPC,83.03469999918889
817,0.9627062272096434,-0.7587889048762158,MPC,83.03469999918889
818,0.9627062272096434,-0.7587889048762158,MPC,83.03469999918889
819,0.9627062272096434,-0.7587889048762158,MPC,83.03469999918889
820,0.933322889720215,-0.8616030134205174,MPC,109.84239999925194
821,0.933322889720215,-0.8616030134205174,MPC,109.84239999925194
822,0.933322889720215,-0.8616030134205174,MPC,109.84239999925194
823,0.933322889720215,-0.8616030134205174,MPC,109.84239999925194
824,0.933322889720215,-0.8616030134205174,MPC,109.84239999925194
825,0.9046929114659674,-0.9851716014073522,MPC,71.43139999971027
826,0.9046929114659674,-0.9851716014073522,MPC,71.43139999971027
827,0.9046929114659674,-0.9851716014073522,MPC,71.43139999971027
828,0.9046929114659674,-0.9851716014073522,MPC,71.43139999971027
829,0.9046929114659674,-0.9851716014073522,MPC,71.43139999971027
830,0.8788704247749058,-1.1272154611098955,MPC,59.9595000003319
831,0.8788704247749058,-1.1272154611098955,MPC,59.9595000003319
832,0.8788704247749058,-1.1272154611098955,MPC,59.9595000003319
833,0.8788704247749058,-1.1272154611098955,MPC,59.9595000003319
834,0.8788704247749058,-1.1272154611098955,MPC,59.9595000003319
835,0.8578853195149209,-1.2790440571372566,MPC,72.84950000030221
836,0.8578853195149209,-1.2790440571372566,MPC,72.84950000030221
837,0.8578853195149209,-1.2790440571372566,MPC,72.84950000030221
838,0.8578853195149209,-1.2790440571372566,MPC,72.84950000030221
839,0.8578853195149209,-1.2790440571372566,MPC,72.84950000030221
840,0.843353985280126,-1.4236298136648775,MPC,96.47880000011355
841,0.843353985280126,-1.4236298136648775,MPC,96.47880000011355
842,0.843353985280126,-1.4236298136648775,MPC,96.47880000011355
843,0.843353985280126,-1.4236298136648775,MPC,96.47880000011355
844,0.843353985280126,-1.4236298136648775,MPC,96.47880000011355
845,0.8360264488925222,-1.535181928843952,MPC,96.83210000002873
846,0.8360264488925222,-1.535181928843952,MPC,96.83210000002873
847,0.8360264488925222,-1.535181928843952,MPC,96.83210000002873
848,0.8360264488925222,-1.535181928843952,MPC,96.83210000002873
849,0.8360264488925222,-1.535181928843952,MPC,96.83210000002873
850,0.8356088604755169,-1.5864279007400908,MPC,85.219300000972
851,0.8356088604755169,-1.5864279007400908,MPC,85.219300000972
852,0.8356088604755169,-1.5864279007400908,MPC,85.219300000972
853,0.8356088604755169,-1.5864279007400908,MPC,85.219300000972
854,0.8356088604755169,-1.5864279007400908,MPC,85.219300000972
855,0.8412912988330046,-1.5611064437609246,MPC,124.08509999841044
856,0.8412912988330046,-1.5611064437609246,MPC,124.08509999841044
857,0.8412912988330046,-1.5611064437609246,MPC,124.08509999841044
858,0.8412912988330046,-1.5611064437609246,MPC,124.08509999841044
859,0.8412912988330046,-1.5611064437609246,MPC,124.08509999841044
860,0.8527950569875079,-1.4640276501933194,MPC,101.73799999938637
861,0.8527950569875079,-1.4640276501933194,MPC,101.73799999938637
862,0.8527950569875079,-1.4640276501933194,MPC,101.73799999938637
863,0.8527950569875079,-1.4640276501933194,MPC,101.73799999938637
864,0.8527950569875079,-1.4640276501933194,MPC,101.73799999938637
865,0.8708976788447879,-1.3178229458243529,MPC,66.49280000056024
866,0.8708976788447879,-1.3178229458243529,MPC,66.49280000056024
867,0.8708976788447879,-1.3178229458243529,MPC,66.49280000056024
868,0.8708976788447879,-1.3178229458243529,MPC,66.49280000056024
869,0.8708976788447879,-1.3178229458243529,MPC,66.49280000056024
870,0.8967754782811851,-1.150358545353457,MPC,89.85910000046715
871,0.8967754782811851,-1.150358545353457,MPC,89.85910000046715
872,0.8967754782811851,-1.150358545353457,MPC,89.85910000046715
873,0.8967754782811851,-1.150358545353457,MPC,89.85910000046715
874,0.8967754782811851,-1.150358545353457,MPC,89.85910000046715
875,0.930911608728817,-0.9836669961444758,MPC,78.17830000021786
876,0.930911608728817,-0.9836669961444758,MPC,78.17830000021786
877,0.930911608728817,-0.9836669961444758,MPC,78.17830000021786
878,0.930911608728817,-0.9836669961444758,MPC,78.17830000021786
879,0.930911608728817,-0.9836669961444758,MPC,78.17830000021786
880,0.9726055334876166,-0.8305315527752032,MPC,110.85590000038792
881,0.9726055334876166,-0.8305315527752032,MPC,110.85590000038792
882,0.9726055334876166,-0.8305315527752032,MPC,110.85590000038792
883,0.9726055334876166,-0.8305315527752032,MPC,110.85590000038792
884,0.9726055334876166,-0.8305315527752032,MPC,110.85590000038792
885,1.0202034494834997,-0.6960420327709411,MPC,117.740199999389
886,1.0202034494834997,-0.6960420327709411,MPC,117.740199999389
887,1.0202034494834997,-0.6960420327709411,MPC,117.740199999389
888,1.0202034494834997,-0.6960420327709411,MPC,117.740199999389
889,1.0202034494834997,-0.6960420327709411,MPC,117.740199999389
890,1.0715858501161892,-0.580654398722523,MPC,86.15250000002561
891,1.0715858501161892,-0.580654398722523,MPC,86.15250000002561
892,1.0715858501161892,-0.580654398722523,MPC,86.15250000002561
893,1.0715858501161892,-0.580654398722523,MPC,86.15250000002561
894,1.0715858501161892,-0.580654398722523,MPC,86.15250000002561
895,1.1245646467269623,-0.4825559025832165,MPC,59.05899999925168
896,1.1245646467269623,-0.4825559025832165,MPC,59.05899999925168
897,1.1245646467269623,-0.4825559025832165,MPC,59.05899999925168
898,1.1245646467269623,-0.4825559025832165,MPC,59.05899999925168
899,1.1245646467269623,-0.4825559025832165,MPC,59.05899999925168
900,1.177105038284138,-0.399159223143231,MPC,62.85039999966102
901,1.177105038284138,-0.399159223143231,MPC,62.85039999966102
902,1.177105038284138,-0.399159223143231,MPC,62.85039999966102
903,1.177105038284138,-0.399159223143231,MPC,62.85039999966102
904,1.177105038284138,-0.399159223143231,MPC,62.85039999966102
905,1.2274154720842734,-0.3278070557821767,MPC,76.54070000171487
906,1.2274154720842734,-0.3278070557821767,MPC,76.54070000171487
907,1.2274154720842734,-0.3278070557821767,MPC,76.54070000171487
908,1.2274154720842734,-0.3278070557821767,MPC,76.54070000171487
909,1.2274154720842734,-0.3278070557821767,MPC,76.54070000171487
910,1.273965329796706,-0.26610013439548846,MPC,82.09959999840066
911,1.273965329796706,-0.26610013439548846,MPC,82.09959999840066
912,1.273965329796706,-0.26610013439548846,MPC,82.09959999840066
913,1.273965329796706,-0.26610013439548846,MPC,82.09959999840066
914,1.273965329796706,-0.26610013439548846,MPC,82.09959999840066
915,1.315471574142835,-0.21196746745003334,MPC,98.88879999925848
916,1.315471574142835,-0.21196746745003334,MPC,98.88879999925848
917,1.315471574142835,-0.21196746745003334,MPC,98.88879999925848
918,1.315471574142835,-0.21196746745003334,MPC,98.88879999925848
919,1.315471574142835,-0.21196746745003334,MPC,98.88879999925848
920,1.350875937498652,-0.16366818453583748,MPC,67.78859999940323
921,1.350875937498652,-0.16366818453583748,MPC,67.78859999940323
922,1.350875937498652,-0.16366818453583748,MPC,67.78859999940323
923,1.350875937498652,-0.16366818453583748,MPC,67.78859999940323
924,1.350875937498652,-0.16366818453583748,MPC,67.78859999940323
925,1.3793223030078274,-0.11973138705596167,MPC,65.81889999870327
926,1.3793223030078274,-0.11973138705596167,MPC,65.81889999870327
927,1.3793223030078274,-0.11973138705596167,MPC,65.81889999870327
928,1.3793223030078274,-0.11973138705596167,MPC,65.81889999870327
929,1.3793223030078274,-0.11973138705596167,MPC,65.81889999870327
930,1.4001375790251127,-0.0789041565479323,MPC,71.69250000151806
931,1.4001375790251127,-0.0789041565479323,MPC,71.69250000151806
932,1.4001375790251127,-0.0789041565479323,MPC,71.69250000151806
933,1.4001375790251127,-0.0789041565479323,MPC,71.69250000151806
934,1.4001375790251127,-0.0789041565479323,MPC,71.69250000151806
935,1.4128166843411074,-0.04008631449514082,MPC,67.91420000081416
936,1.4128166843411074,-0.04008631449514082,MPC,67.91420000081416
937,1.4128166843411074,-0.04008631449514082,MPC,67.91420000081416
938,1.4128166843411074,-0.04008631449514082,MPC,67.91420000081416
939,1.4128166843411074,-0.04008631449514082,MPC,67.91420000081416
940,1.4170111609848268,-0.002280747386628274,MPC,68.80099999943923
941,1.4170111609848268,-0.002280747386628274,MPC,68.80099999943923
942,1.4170111609848268,-0.002280747386628274,MPC,68.80099999943923
943,1.4170111609848268,-0.002280747386628274,MPC,68.80099999943923
944,1.4170111609848268,-0.002280747386628274,MPC,68.80099999943923
945,1.4125207001777482,0.03546069437704878,MPC,97.53540000019711
946,1.4125207001777482,0.03546069437704878,MPC,97.53540000019711
947,1.4125207001777482,0.03546069437704878,MPC,97.53540000019711
948,1.4125207001777482,0.03546069437704878,MPC,97.53540000019711
949,1.4125207001777482,0.03546069437704878,MPC,97.53540000019711
950,1.399286904966756,0.07408211556442729,MPC,80.6362999992416
951,1.399286904966756,0.07408211556442729,MPC,80.6362999992416
952,1.399286904966756,0.07408211556442729,MPC,80.6362999992416
953,1.399286904966756,0.07408211556442729,MPC,80.6362999992416
954,1.399286904966756,0.07408211556442729,MPC,80.6362999992416
955,1.377388798530526,0.11457354774066086,MPC,88.27080000082788
956,1.377388798530526,0.11457354774066086,MPC,88.27080000082788
957,1.377388798530526,0.11457354774066086,MPC,88.27080000082788
958,1.377388798530526,0.11457354774066086,MPC,88.27080000082788
959,1.377388798530526,0.11457354774066086,MPC,88.27080000082788
960,1.3470398005378117,0.15801902415397864,MPC,76.85110000056738
961,1.3470398005378117,0.15801902415397864,MPC,76.85110000056738
962,1.3470398005378117,0.15801902415397864,MPC,76.85110000056738
963,1.3470398005378117,0.15801902415397864,MPC,76.85110000056738
964,1.3470398005378117,0.15801902415397864,MPC,76.85110000056738
965,1.30858613457649,0.20565182239057328,MPC,60.30300000020361
966,1.30858613457649,0.20565182239057328,MPC,60.30300000020361
967,1.30858613457649,0.20565182239057328,MPC,60.30300000020361
968,1.30858613457649,0.20565182239057328,MPC,60.30300000020361
969,1.30858613457649,0.20565182239057328,MPC,60.30300000020361
970,1.2625069130821096,0.2589117657752747,MPC,88.44659999886062
971,1.2625069130821096,0.2589117657752747,MPC,88.44659999886062
972,1.2625069130821096,0.2589117657752747,MPC,88.44659999886062
973,1.2625069130821096,0.2589117657752747,MPC,88.44659999886062
974,1.2625069130821096,0.2589117657752747,MPC,88.44659999886062
975,1.2094165041768525,0.3195061721928112,MPC,82.73360000021057
976,1.2094165041768525,0.3195061721928112,MPC,82.73360000021057
977,1.2094165041768525,0.3195061721928112,MPC,82.73360000021057
978,1.2094165041768525,0.3195061721928112,MPC,82.73360000021057
979,1.2094165041768525,0.3195061721928112,MPC,82.73360000021057
980,1.1500703023018097,0.3894610514561597,MPC,128.79980000070645
981,1.1500703023018097,0.3894610514561597,MPC,128.79980000070645
982,1.1500703023018097,0.3894610514561597,MPC,128.79980000070645
983,1.1500703023018097,0.3894610514561597,MPC,128.79980000070645
984,1.1500703023018097,0.3894610514561597,MPC,128.79980000070645
985,1.0853757961593553,0.47113991751284795,MPC,65.3636999995797
986,1.0853757961593553,0.47113991751284795,MPC,65.3636999995797
987,1.0853757961593553,0.47113991751284795,MPC,65.3636999995797
988,1.0853757961593553,0.47113991751284795,MPC,65.3636999995797
989,1.0853757961593553,0.47113991751284795,MPC,65.3636999995797
990,1.0164120342916594,0.5671727608529943,MPC,81.1506999998528
991,1.0164120342916594,0.5671727608529943,MPC,81.1506999998528
992,1.0164120342916594,0.5671727608529943,MPC,81.1506999998528
993,1.0164120342916594,0.5671727608529943,MPC,81.1506999998528
994,1.0164120342916594,0.5671727608529943,MPC,81.1506999998528
995,0.9447446644711357,0.6796273676675003,MPC,91.51779999956489
996,0.9447446644711357,0.6796273676675003,MPC,91.51779999956489
997,0.9447446644711357,0.6796273676675003,MPC,91.51779999956489
998,0.9447446644711357,0.6796273676675003,MPC,91.51779999956489
