timestep,v,omega,controller,solve_time_ms
0,0.0,-0.0037503125209392696,MPC,119.81260008178651
1,0.0,-0.0037503125209392696,MPC,119.81260008178651
2,0.0,-0.0037503125209392696,MPC,119.81260008178651
3,0.0,-0.0037503125209392696,MPC,119.81260008178651
4,0.0,-0.0037503125209392696,MPC,119.81260008178651
5,1.0406808281418343,-0.059009567018303344,MPC,138.2218999788165
6,1.0406808281418343,-0.059009567018303344,MPC,138.2218999788165
7,1.0406808281418343,-0.059009567018303344,MPC,138.2218999788165
8,1.0406808281418343,-0.059009567018303344,MPC,138.2218999788165
9,1.0406808281418343,-0.059009567018303344,MPC,138.2218999788165
10,1.614901439190998,-0.09395857914301073,MPC,183.40940005145967
11,1.614901439190998,-0.09395857914301073,MPC,183.40940005145967
12,1.614901439190998,-0.09395857914301073,MPC,183.40940005145967
13,1.614901439190998,-0.09395857914301073,MPC,183.40940005145967
14,1.614901439190998,-0.09395857914301073,MPC,183.40940005145967
15,1.8260679164093956,-0.13639614157729468,MPC,108.2508999388665
16,1.8260679164093956,-0.13639614157729468,MPC,108.2508999388665
17,1.8260679164093956,-0.13639614157729468,MPC,108.2508999388665
18,1.8260679164093956,-0.13639614157729468,MPC,108.2508999388665
19,1.8260679164093956,-0.13639614157729468,MPC,108.2508999388665
20,1.5226573005654824,-0.16632419568292534,MPC,121.78109993692487
21,1.5226573005654824,-0.16632419568292534,MPC,121.78109993692487
22,1.5226573005654824,-0.16632419568292534,MPC,121.78109993692487
23,1.5226573005654824,-0.16632419568292534,MPC,121.78109993692487
24,1.5226573005654824,-0.16632419568292534,MPC,121.78109993692487
25,1.3696653589940864,-0.21512084239580848,MPC,118.78160003107041
26,1.3696653589940864,-0.21512084239580848,MPC,118.78160003107041
27,1.3696653589940864,-0.21512084239580848,MPC,118.78160003107041
28,1.3696653589940864,-0.21512084239580848,MPC,118.78160003107041
29,1.3696653589940864,-0.21512084239580848,MPC,118.78160003107041
30,-1.890255590096534,1.5695036315951623,MPC,132.07609998062253
31,-1.890255590096534,1.5695036315951623,MPC,132.07609998062253
32,-1.890255590096534,1.5695036315951623,MPC,132.07609998062253
33,-1.890255590096534,1.5695036315951623,MPC,132.07609998062253
34,-1.890255590096534,1.5695036315951623,MPC,132.07609998062253
35,-1.889099693332677,2.0999999999999996,MPC,94.47290003299713
36,-1.889099693332677,2.0999999999999996,MPC,94.47290003299713
37,-1.889099693332677,2.0999999999999996,MPC,94.47290003299713
38,-1.889099693332677,2.0999999999999996,MPC,94.47290003299713
39,-1.889099693332677,2.0999999999999996,MPC,94.47290003299713
40,1.6418030527406489,-0.6200272225793597,MPC,175.15350005123764
41,1.6418030527406489,-0.6200272225793597,MPC,175.15350005123764
42,1.6418030527406489,-0.6200272225793597,MPC,175.15350005123764
43,1.6418030527406489,-0.6200272225793597,MPC,175.15350005123764
44,1.6418030527406489,-0.6200272225793597,MPC,175.15350005123764
45,1.5919453563204171,-0.6946151573120904,MPC,185.8727999497205
46,1.5919453563204171,-0.6946151573120904,MPC,185.8727999497205
47,1.5919453563204171,-0.6946151573120904,MPC,185.8727999497205
48,1.5919453563204171,-0.6946151573120904,MPC,185.8727999497205
49,1.5919453563204171,-0.6946151573120904,MPC,185.8727999497205
50,1.53061766721964,-0.7847772355801765,MPC,156.72420000191778
51,1.53061766721964,-0.7847772355801765,MPC,156.72420000191778
52,1.53061766721964,-0.7847772355801765,MPC,156.72420000191778
53,1.53061766721964,-0.7847772355801765,MPC,156.72420000191778
54,1.53061766721964,-0.7847772355801765,MPC,156.72420000191778
55,1.4597976380173856,-0.8930898714204495,MPC,202.11439998820424
56,1.4597976380173856,-0.8930898714204495,MPC,202.11439998820424
57,1.4597976380173856,-0.8930898714204495,MPC,202.11439998820424
58,1.4597976380173856,-0.8930898714204495,MPC,202.11439998820424
59,1.4597976380173856,-0.8930898714204495,MPC,202.11439998820424
60,1.3819120280438835,-1.0212601457336616,MPC,142.8364000748843
61,1.3819120280438835,-1.0212601457336616,MPC,142.8364000748843
62,1.3819120280438835,-1.0212601457336616,MPC,142.8364000748843
63,1.3819120280438835,-1.0212601457336616,MPC,142.8364000748843
64,1.3819120280438835,-1.0212601457336616,MPC,142.8364000748843
65,1.299886598013488,-1.1686016159952244,MPC,102.37510001752526
66,1.299886598013488,-1.1686016159952244,MPC,102.37510001752526
67,1.299886598013488,-1.1686016159952244,MPC,102.37510001752526
68,1.299886598013488,-1.1686016159952244,MPC,102.37510001752526
69,1.299886598013488,-1.1686016159952244,MPC,102.37510001752526
70,1.217168500327904,-1.3295602104331654,MPC,98.80080004222691
71,1.217168500327904,-1.3295602104331654,MPC,98.80080004222691
72,1.217168500327904,-1.3295602104331654,MPC,98.80080004222691
73,1.217168500327904,-1.3295602104331654,MPC,98.80080004222691
74,1.217168500327904,-1.3295602104331654,MPC,98.80080004222691
75,1.137665027038802,-1.49074729252506,MPC,148.0524999788031
76,1.137665027038802,-1.49074729252506,MPC,148.0524999788031
77,1.137665027038802,-1.49074729252506,MPC,148.0524999788031
78,1.137665027038802,-1.49074729252506,MPC,148.0524999788031
79,1.137665027038802,-1.49074729252506,MPC,148.0524999788031
80,1.0655125730522734,-1.62954872597967,MPC,83.385199890472
81,1.0655125730522734,-1.62954872597967,MPC,83.385199890472
82,1.0655125730522734,-1.62954872597967,MPC,83.385199890472
83,1.0655125730522734,-1.62954872597967,MPC,83.385199890472
84,1.0655125730522734,-1.62954872597967,MPC,83.385199890472
85,1.9000000020593888,-2.4000000000000004,MPC,65.04360004328191
86,1.9000000020593888,-2.4000000000000004,MPC,65.04360004328191
87,1.9000000020593888,-2.4000000000000004,MPC,65.04360004328191
88,1.9000000020593888,-2.4000000000000004,MPC,65.04360004328191
89,1.9000000020593888,-2.4000000000000004,MPC,65.04360004328191
90,1.8572358109811478,-2.7,MPC,63.5161999380216
91,1.8572358109811478,-2.7,MPC,63.5161999380216
92,1.8572358109811478,-2.7,MPC,63.5161999380216
93,1.8572358109811478,-2.7,MPC,63.5161999380216
94,1.8572358109811478,-2.7,MPC,63.5161999380216
95,1.2211686132187543,-2.721371817479903,MPC,148.41120003256947
96,1.2211686132187543,-2.721371817479903,MPC,148.41120003256947
97,1.2211686132187543,-2.721371817479903,MPC,148.41120003256947
98,1.2211686132187543,-2.721371817479903,MPC,148.41120003256947
99,1.2211686132187543,-2.721371817479903,MPC,148.41120003256947
100,0.9174552560010517,-1.3769654660325785,MPC,76.50239998474717
101,0.9174552560010517,-1.3769654660325785,MPC,76.50239998474717
102,0.9174552560010517,-1.3769654660325785,MPC,76.50239998474717
103,0.9174552560010517,-1.3769654660325785,MPC,76.50239998474717
104,0.9174552560010517,-1.3769654660325785,MPC,76.50239998474717
105,0.8007834789716457,-1.2189576042183718,MPC,75.70619997568429
106,0.8007834789716457,-1.2189576042183718,MPC,75.70619997568429
107,0.8007834789716457,-1.2189576042183718,MPC,75.70619997568429
108,0.8007834789716457,-1.2189576042183718,MPC,75.70619997568429
109,0.8007834789716457,-1.2189576042183718,MPC,75.70619997568429
110,0.780635480038471,-1.0635598632039922,MPC,113.64230001345277
111,0.780635480038471,-1.0635598632039922,MPC,113.64230001345277
112,0.780635480038471,-1.0635598632039922,MPC,113.64230001345277
113,0.780635480038471,-1.0635598632039922,MPC,113.64230001345277
114,0.780635480038471,-1.0635598632039922,MPC,113.64230001345277
115,0.8015378140774422,-0.9254356535708241,MPC,95.26760003063828
116,0.8015378140774422,-0.9254356535708241,MPC,95.26760003063828
117,0.8015378140774422,-0.9254356535708241,MPC,95.26760003063828
118,0.8015378140774422,-0.9254356535708241,MPC,95.26760003063828
119,0.8015378140774422,-0.9254356535708241,MPC,95.26760003063828
120,0.8371206754133971,-0.8094767988291066,MPC,64.84939996153116
121,0.8371206754133971,-0.8094767988291066,MPC,64.84939996153116
122,0.8371206754133971,-0.8094767988291066,MPC,64.84939996153116
123,0.8371206754133971,-0.8094767988291066,MPC,64.84939996153116
124,0.8371206754133971,-0.8094767988291066,MPC,64.84939996153116
125,0.8756227282957837,-0.7156120619333287,MPC,63.02960007451475
126,0.8756227282957837,-0.7156120619333287,MPC,63.02960007451475
127,0.8756227282957837,-0.7156120619333287,MPC,63.02960007451475
128,0.8756227282957837,-0.7156120619333287,MPC,63.02960007451475
129,0.8756227282957837,-0.7156120619333287,MPC,63.02960007451475
130,0.9118446302893052,-0.6417597938775289,MPC,68.4248999459669
131,0.9118446302893052,-0.6417597938775289,MPC,68.4248999459669
132,0.9118446302893052,-0.6417597938775289,MPC,68.4248999459669
133,0.9118446302893052,-0.6417597938775289,MPC,68.4248999459669
134,0.9118446302893052,-0.6417597938775289,MPC,68.4248999459669
135,0.9433224196131629,-0.585384351004789,MPC,58.392500039190054
136,0.9433224196131629,-0.585384351004789,MPC,58.392500039190054
137,0.9433224196131629,-0.585384351004789,MPC,58.392500039190054
138,0.9433224196131629,-0.585384351004789,MPC,58.392500039190054
139,0.9433224196131629,-0.585384351004789,MPC,58.392500039190054
140,0.9687280428442439,-0.5441798720989526,MPC,57.06980009563267
141,0.9687280428442439,-0.5441798720989526,MPC,57.06980009563267
142,0.9687280428442439,-0.5441798720989526,MPC,57.06980009563267
143,0.9687280428442439,-0.5441798720989526,MPC,57.06980009563267
144,0.9687280428442439,-0.5441798720989526,MPC,57.06980009563267
145,0.9872596439475001,-0.5163206720723436,MPC,58.21660009678453
146,0.9872596439475001,-0.5163206720723436,MPC,58.21660009678453
147,0.9872596439475001,-0.5163206720723436,MPC,58.21660009678453
148,0.9872596439475001,-0.5163206720723436,MPC,58.21660009678453
149,0.9872596439475001,-0.5163206720723436,MPC,58.21660009678453
150,0.9984218354981929,-0.500525315830773,MPC,57.652999996207654
151,0.9984218354981929,-0.500525315830773,MPC,57.652999996207654
152,0.9984218354981929,-0.500525315830773,MPC,57.652999996207654
153,0.9984218354981929,-0.500525315830773,MPC,57.652999996207654
154,0.9984218354981929,-0.500525315830773,MPC,57.652999996207654
155,1.001948731883879,-0.49605390222951945,MPC,55.571600096300244
156,1.001948731883879,-0.49605390222951945,MPC,55.571600096300244
157,1.001948731883879,-0.49605390222951945,MPC,55.571600096300244
158,1.001948731883879,-0.49605390222951945,MPC,55.571600096300244
159,1.001948731883879,-0.49605390222951945,MPC,55.571600096300244
160,0.9843239322453599,-0.5004707154355847,MPC,59.78299991693348
161,0.9843239322453599,-0.5004707154355847,MPC,59.78299991693348
162,0.9843239322453599,-0.5004707154355847,MPC,59.78299991693348
163,0.9843239322453599,-0.5004707154355847,MPC,59.78299991693348
164,0.9843239322453599,-0.5004707154355847,MPC,59.78299991693348
165,0.17506693218269231,-0.30671733743060425,MPC,74.392200098373
166,0.17506693218269231,-0.30671733743060425,MPC,74.392200098373
167,0.17506693218269231,-0.30671733743060425,MPC,74.392200098373
168,0.17506693218269231,-0.30671733743060425,MPC,74.392200098373
169,0.17506693218269231,-0.30671733743060425,MPC,74.392200098373
170,0.9740344475660748,-0.5530018039886311,MPC,83.50399998016655
171,0.9740344475660748,-0.5530018039886311,MPC,83.50399998016655
172,0.9740344475660748,-0.5530018039886311,MPC,83.50399998016655
173,0.9740344475660748,-0.5530018039886311,MPC,83.50399998016655
174,0.9740344475660748,-0.5530018039886311,MPC,83.50399998016655
175,0.9494122492376454,-0.5918305304616501,MPC,77.00749998912215
176,0.9494122492376454,-0.5918305304616501,MPC,77.00749998912215
177,0.9494122492376454,-0.5918305304616501,MPC,77.00749998912215
178,0.9494122492376454,-0.5918305304616501,MPC,77.00749998912215
179,0.9494122492376454,-0.5918305304616501,MPC,77.00749998912215
180,1.9000000068714034,0.2404799005513243,MPC,107.06320009194314
181,1.9000000068714034,0.2404799005513243,MPC,107.06320009194314
182,1.9000000068714034,0.2404799005513243,MPC,107.06320009194314
183,1.9000000068714034,0.2404799005513243,MPC,107.06320009194314
184,1.9000000068714034,0.2404799005513243,MPC,107.06320009194314
185,1.3352107238825954,-1.8446166846909018,MPC,84.50270001776516
186,1.3352107238825954,-1.8446166846909018,MPC,84.50270001776516
187,1.3352107238825954,-1.8446166846909018,MPC,84.50270001776516
188,1.3352107238825954,-1.8446166846909018,MPC,84.50270001776516
189,1.3352107238825954,-1.8446166846909018,MPC,84.50270001776516
190,0.3833773015084245,-0.8289869966321441,MPC,140.31549997162074
191,0.3833773015084245,-0.8289869966321441,MPC,140.31549997162074
192,0.3833773015084245,-0.8289869966321441,MPC,140.31549997162074
193,0.3833773015084245,-0.8289869966321441,MPC,140.31549997162074
194,0.3833773015084245,-0.8289869966321441,MPC,140.31549997162074
195,0.6583881533976237,-0.9453664880523499,MPC,70.83730003796518
196,0.6583881533976237,-0.9453664880523499,MPC,70.83730003796518
197,0.6583881533976237,-0.9453664880523499,MPC,70.83730003796518
198,0.6583881533976237,-0.9453664880523499,MPC,70.83730003796518
199,0.6583881533976237,-0.9453664880523499,MPC,70.83730003796518
200,0.7176772013202892,-1.0839028560641184,MPC,75.07599995005876
201,0.7176772013202892,-1.0839028560641184,MPC,75.07599995005876
202,0.7176772013202892,-1.0839028560641184,MPC,75.07599995005876
203,0.7176772013202892,-1.0839028560641184,MPC,75.07599995005876
204,0.7176772013202892,-1.0839028560641184,MPC,75.07599995005876
205,0.7142936424858488,-1.237154493456437,MPC,98.26270001940429
206,0.7142936424858488,-1.237154493456437,MPC,98.26270001940429
207,0.7142936424858488,-1.237154493456437,MPC,98.26270001940429
208,0.7142936424858488,-1.237154493456437,MPC,98.26270001940429
209,0.7142936424858488,-1.237154493456437,MPC,98.26270001940429
210,0.697114049791449,-1.3913164744177913,MPC,82.6054000062868
211,0.697114049791449,-1.3913164744177913,MPC,82.6054000062868
212,0.697114049791449,-1.3913164744177913,MPC,82.6054000062868
213,0.697114049791449,-1.3913164744177913,MPC,82.6054000062868
214,0.697114049791449,-1.3913164744177913,MPC,82.6054000062868
215,0.6836011296966195,-1.522531917508648,MPC,58.96449997089803
216,0.6836011296966195,-1.522531917508648,MPC,58.96449997089803
217,0.6836011296966195,-1.522531917508648,MPC,58.96449997089803
218,0.6836011296966195,-1.522531917508648,MPC,58.96449997089803
219,0.6836011296966195,-1.522531917508648,MPC,58.96449997089803
220,0.6809721823783765,-1.6005414755007423,MPC,58.98309999611229
221,0.6809721823783765,-1.6005414755007423,MPC,58.98309999611229
222,0.6809721823783765,-1.6005414755007423,MPC,58.98309999611229
223,0.6809721823783765,-1.6005414755007423,MPC,58.98309999611229
224,0.6809721823783765,-1.6005414755007423,MPC,58.98309999611229
225,0.6919669251345857,-1.600769166701313,MPC,56.93800002336502
226,0.6919669251345857,-1.600769166701313,MPC,56.93800002336502
227,0.6919669251345857,-1.600769166701313,MPC,56.93800002336502
228,0.6919669251345857,-1.600769166701313,MPC,56.93800002336502
229,0.6919669251345857,-1.600769166701313,MPC,56.93800002336502
230,0.7164294519899326,-1.5190886574066327,MPC,62.589599983766675
231,0.7164294519899326,-1.5190886574066327,MPC,62.589599983766675
232,0.7164294519899326,-1.5190886574066327,MPC,62.589599983766675
233,0.7164294519899326,-1.5190886574066327,MPC,62.589599983766675
234,0.7164294519899326,-1.5190886574066327,MPC,62.589599983766675
235,0.7524073023133941,-1.375523995007378,MPC,57.362499996088445
236,0.7524073023133941,-1.375523995007378,MPC,57.362499996088445
237,0.7524073023133941,-1.375523995007378,MPC,57.362499996088445
238,0.7524073023133941,-1.375523995007378,MPC,57.362499996088445
239,0.7524073023133941,-1.375523995007378,MPC,57.362499996088445
240,0.7974176419881565,-1.2019687719294692,MPC,55.76409993227571
241,0.7974176419881565,-1.2019687719294692,MPC,55.76409993227571
242,0.7974176419881565,-1.2019687719294692,MPC,55.76409993227571
243,0.7974176419881565,-1.2019687719294692,MPC,55.76409993227571
244,0.7974176419881565,-1.2019687719294692,MPC,55.76409993227571
245,0.8492686003921659,-1.026165023355911,MPC,57.10750003345311
246,0.8492686003921659,-1.026165023355911,MPC,57.10750003345311
247,0.8492686003921659,-1.026165023355911,MPC,57.10750003345311
248,0.8492686003921659,-1.026165023355911,MPC,57.10750003345311
249,0.8492686003921659,-1.026165023355911,MPC,57.10750003345311
250,0.9061434086162408,-0.8644408037838474,MPC,61.21519999578595
251,0.9061434086162408,-0.8644408037838474,MPC,61.21519999578595
252,0.9061434086162408,-0.8644408037838474,MPC,61.21519999578595
253,0.9061434086162408,-0.8644408037838474,MPC,61.21519999578595
254,0.9061434086162408,-0.8644408037838474,MPC,61.21519999578595
255,0.9663473937643122,-0.7231101177533951,MPC,57.24889994598925
256,0.9663473937643122,-0.7231101177533951,MPC,57.24889994598925
257,0.9663473937643122,-0.7231101177533951,MPC,57.24889994598925
258,0.9663473937643122,-0.7231101177533951,MPC,57.24889994598925
259,0.9663473937643122,-0.7231101177533951,MPC,57.24889994598925
260,1.028148178893924,-0.6026052329172604,MPC,92.48800005298108
261,1.028148178893924,-0.6026052329172604,MPC,92.48800005298108
262,1.028148178893924,-0.6026052329172604,MPC,92.48800005298108
263,1.028148178893924,-0.6026052329172604,MPC,92.48800005298108
264,1.028148178893924,-0.6026052329172604,MPC,92.48800005298108
265,1.0897951714290801,-0.5007545258823195,MPC,57.32480005826801
266,1.0897951714290801,-0.5007545258823195,MPC,57.32480005826801
267,1.0897951714290801,-0.5007545258823195,MPC,57.32480005826801
268,1.0897951714290801,-0.5007545258823195,MPC,57.32480005826801
269,1.0897951714290801,-0.5007545258823195,MPC,57.32480005826801
270,1.1496148991748838,-0.4146011134197773,MPC,61.47289997898042
271,1.1496148991748838,-0.4146011134197773,MPC,61.47289997898042
272,1.1496148991748838,-0.4146011134197773,MPC,61.47289997898042
273,1.1496148991748838,-0.4146011134197773,MPC,61.47289997898042
274,1.1496148991748838,-0.4146011134197773,MPC,61.47289997898042
275,1.2060916513045519,-0.34122276910038907,MPC,57.239399990066886
276,1.2060916513045519,-0.34122276910038907,MPC,57.239399990066886
277,1.2060916513045519,-0.34122276910038907,MPC,57.239399990066886
278,1.2060916513045519,-0.34122276910038907,MPC,57.239399990066886
279,1.2060916513045519,-0.34122276910038907,MPC,57.239399990066886
280,1.2579064794486896,-0.2780310272601484,MPC,57.104800012893975
281,1.2579064794486896,-0.2780310272601484,MPC,57.104800012893975
282,1.2579064794486896,-0.2780310272601484,MPC,57.104800012893975
283,1.2579064794486896,-0.2780310272601484,MPC,57.104800012893975
284,1.2579064794486896,-0.2780310272601484,MPC,57.104800012893975
285,1.3039436402331916,-0.22283447117318822,MPC,58.852799935266376
286,1.3039436402331916,-0.22283447117318822,MPC,58.852799935266376
287,1.3039436402331916,-0.22283447117318822,MPC,58.852799935266376
288,1.3039436402331916,-0.22283447117318822,MPC,58.852799935266376
289,1.3039436402331916,-0.22283447117318822,MPC,58.852799935266376
290,1.343280707255928,-0.17380717117632422,MPC,89.27899994887412
291,1.343280707255928,-0.17380717117632422,MPC,89.27899994887412
292,1.343280707255928,-0.17380717117632422,MPC,89.27899994887412
293,1.343280707255928,-0.17380717117632422,MPC,89.27899994887412
294,1.343280707255928,-0.17380717117632422,MPC,89.27899994887412
295,1.3751739331879462,-0.12942573003749458,MPC,66.66160002350807
296,1.3751739331879462,-0.12942573003749458,MPC,66.66160002350807
297,1.3751739331879462,-0.12942573003749458,MPC,66.66160002350807
298,1.3751739331879462,-0.12942573003749458,MPC,66.66160002350807
299,1.3751739331879462,-0.12942573003749458,MPC,66.66160002350807
300,1.399044605535145,-0.08840128496285277,MPC,64.55619994085282
301,1.399044605535145,-0.08840128496285277,MPC,64.55619994085282
302,1.399044605535145,-0.08840128496285277,MPC,64.55619994085282
303,1.399044605535145,-0.08840128496285277,MPC,64.55619994085282
304,1.399044605535145,-0.08840128496285277,MPC,64.55619994085282
305,1.4144683464662475,-0.049615970071585386,MPC,130.73939993046224
306,1.4144683464662475,-0.049615970071585386,MPC,130.73939993046224
307,1.4144683464662475,-0.049615970071585386,MPC,130.73939993046224
308,1.4144683464662475,-0.049615970071585386,MPC,130.73939993046224
309,1.4144683464662475,-0.049615970071585386,MPC,130.73939993046224
310,1.4211674959292058,-0.012065973302497451,MPC,79.30920005310327
311,1.4211674959292058,-0.012065973302497451,MPC,79.30920005310327
312,1.4211674959292058,-0.012065973302497451,MPC,79.30920005310327
313,1.4211674959292058,-0.012065973302497451,MPC,79.30920005310327
314,1.4211674959292058,-0.012065973302497451,MPC,79.30920005310327
315,1.4190060995608436,0.025189761038853595,MPC,62.502200016751885
316,1.4190060995608436,0.025189761038853595,MPC,62.502200016751885
317,1.4190060995608436,0.025189761038853595,MPC,62.502200016751885
318,1.4190060995608436,0.025189761038853595,MPC,62.502200016751885
319,1.4190060995608436,0.025189761038853595,MPC,62.502200016751885
320,1.4079869724737246,0.06307732936482793,MPC,60.37239998113364
321,1.4079869724737246,0.06307732936482793,MPC,60.37239998113364
322,1.4079869724737246,0.06307732936482793,MPC,60.37239998113364
323,1.4079869724737246,0.06307732936482793,MPC,60.37239998113364
324,1.4079869724737246,0.06307732936482793,MPC,60.37239998113364
325,1.388250483303466,0.10255469674794203,MPC,59.740700060501695
326,1.388250483303466,0.10255469674794203,MPC,59.740700060501695
327,1.388250483303466,0.10255469674794203,MPC,59.740700060501695
328,1.388250483303466,0.10255469674794203,MPC,59.740700060501695
329,1.388250483303466,0.10255469674794203,MPC,59.740700060501695
330,1.3600749518897364,0.14466009032848504,MPC,59.44169999565929
331,1.3600749518897364,0.14466009032848504,MPC,59.44169999565929
332,1.3600749518897364,0.14466009032848504,MPC,59.44169999565929
333,1.3600749518897364,0.14466009032848504,MPC,59.44169999565929
334,1.3600749518897364,0.14466009032848504,MPC,59.44169999565929
335,1.3238788348067323,0.1905641681589841,MPC,57.45249998290092
336,1.3238788348067323,0.1905641681589841,MPC,57.45249998290092
337,1.3238788348067323,0.1905641681589841,MPC,57.45249998290092
338,1.3238788348067323,0.1905641681589841,MPC,57.45249998290092
339,1.3238788348067323,0.1905641681589841,MPC,57.45249998290092
340,1.280225190559107,0.24162724731233545,MPC,59.47269999887794
341,1.280225190559107,0.24162724731233545,MPC,59.47269999887794
342,1.280225190559107,0.24162724731233545,MPC,59.47269999887794
343,1.280225190559107,0.24162724731233545,MPC,59.47269999887794
344,1.280225190559107,0.24162724731233545,MPC,59.47269999887794
345,1.2298292964101118,0.2994606047970983,MPC,164.8780000396073
346,1.2298292964101118,0.2994606047970983,MPC,164.8780000396073
347,1.2298292964101118,0.2994606047970983,MPC,164.8780000396073
348,1.2298292964101118,0.2994606047970983,MPC,164.8780000396073
349,1.2298292964101118,0.2994606047970983,MPC,164.8780000396073
350,1.1735707614355912,0.36598566665515286,MPC,158.12959999311715
351,1.1735707614355912,0.36598566665515286,MPC,158.12959999311715
352,1.1735707614355912,0.36598566665515286,MPC,158.12959999311715
353,1.1735707614355912,0.36598566665515286,MPC,158.12959999311715
354,1.1735707614355912,0.36598566665515286,MPC,158.12959999311715
355,1.1125120544794604,0.443473647221629,MPC,75.95249998848885
356,1.1125120544794604,0.443473647221629,MPC,75.95249998848885
357,1.1125120544794604,0.443473647221629,MPC,75.95249998848885
358,1.1125120544794604,0.443473647221629,MPC,75.95249998848885
359,1.1125120544794604,0.443473647221629,MPC,75.95249998848885
360,1.047925962007325,0.5345251543416026,MPC,92.20210008788854
361,1.047925962007325,0.5345251543416026,MPC,92.20210008788854
362,1.047925962007325,0.5345251543416026,MPC,92.20210008788854
363,1.047925962007325,0.5345251543416026,MPC,92.20210008788854
364,1.047925962007325,0.5345251543416026,MPC,92.20210008788854
365,0.9813347555390133,0.6419052031118124,MPC,119.24530006945133
366,0.9813347555390133,0.6419052031118124,MPC,119.24530006945133
367,0.9813347555390133,0.6419052031118124,MPC,119.24530006945133
368,0.9813347555390133,0.6419052031118124,MPC,119.24530006945133
369,0.9813347555390133,0.6419052031118124,MPC,119.24530006945133
370,0.914562676050021,0.768073396070515,MPC,98.03820005618036
371,0.914562676050021,0.768073396070515,MPC,98.03820005618036
372,0.914562676050021,0.768073396070515,MPC,98.03820005618036
373,0.914562676050021,0.768073396070515,MPC,98.03820005618036
374,0.914562676050021,0.768073396070515,MPC,98.03820005618036
375,0.8497978200851073,0.9141446524172512,MPC,90.49019997473806
376,0.8497978200851073,0.9141446524172512,MPC,90.49019997473806
377,0.8497978200851073,0.9141446524172512,MPC,90.49019997473806
378,0.8497978200851073,0.9141446524172512,MPC,90.49019997473806
379,0.8497978200851073,0.9141446524172512,MPC,90.49019997473806
380,0.7896432484661117,1.077950144430919,MPC,109.74789992906153
381,0.7896432484661117,1.077950144430919,MPC,109.74789992906153
382,0.7896432484661117,1.077950144430919,MPC,109.74789992906153
383,0.7896432484661117,1.077950144430919,MPC,109.74789992906153
384,0.7896432484661117,1.077950144430919,MPC,109.74789992906153
385,0.7371004093114693,1.2510858008921066,MPC,99.30400003213435
386,0.7371004093114693,1.2510858008921066,MPC,99.30400003213435
387,0.7371004093114693,1.2510858008921066,MPC,99.30400003213435
388,0.7371004093114693,1.2510858008921066,MPC,99.30400003213435
389,0.7371004093114693,1.2510858008921066,MPC,99.30400003213435
390,0.6953706697053065,1.4158453825733823,MPC,116.3512000348419
391,0.6953706697053065,1.4158453825733823,MPC,116.3512000348419
392,0.6953706697053065,1.4158453825733823,MPC,116.3512000348419
393,0.6953706697053065,1.4158453825733823,MPC,116.3512000348419
394,0.6953706697053065,1.4158453825733823,MPC,116.3512000348419
395,0.6673371605598741,1.5450329887180343,MPC,110.9121999470517
396,0.6673371605598741,1.5450329887180343,MPC,110.9121999470517
397,0.6673371605598741,1.5450329887180343,MPC,110.9121999470517
398,0.6673371605598741,1.5450329887180343,MPC,110.9121999470517
399,0.6673371605598741,1.5450329887180343,MPC,110.9121999470517
400,0.6547464688588995,1.609057926106977,MPC,116.61460006143898
401,0.6547464688588995,1.609057926106977,MPC,116.61460006143898
402,0.6547464688588995,1.609057926106977,MPC,116.61460006143898
403,0.6547464688588995,1.609057926106977,MPC,116.61460006143898
404,0.6547464688588995,1.609057926106977,MPC,116.61460006143898
405,0.6575066827369465,1.590497290960627,MPC,107.96299995854497
406,0.6575066827369465,1.590497290960627,MPC,107.96299995854497
407,0.6575066827369465,1.590497290960627,MPC,107.96299995854497
408,0.6575066827369465,1.590497290960627,MPC,107.96299995854497
409,0.6575066827369465,1.590497290960627,MPC,107.96299995854497
410,0.6737119424270082,1.4959429016993573,MPC,62.866499996744096
411,0.6737119424270082,1.4959429016993573,MPC,62.866499996744096
412,0.6737119424270082,1.4959429016993573,MPC,62.866499996744096
413,0.6737119424270082,1.4959429016993573,MPC,62.866499996744096
414,0.6737119424270082,1.4959429016993573,MPC,62.866499996744096
415,0.700430915778565,1.3526075846328343,MPC,85.1002000272274
416,0.700430915778565,1.3526075846328343,MPC,85.1002000272274
417,0.700430915778565,1.3526075846328343,MPC,85.1002000272274
418,0.700430915778565,1.3526075846328343,MPC,85.1002000272274
419,0.700430915778565,1.3526075846328343,MPC,85.1002000272274
420,0.7345636013469518,1.1924814224309763,MPC,79.34419997036457
421,0.7345636013469518,1.1924814224309763,MPC,79.34419997036457
422,0.7345636013469518,1.1924814224309763,MPC,79.34419997036457
423,0.7345636013469518,1.1924814224309763,MPC,79.34419997036457
424,0.7345636013469518,1.1924814224309763,MPC,79.34419997036457
425,0.7732458725594111,1.0391004973792295,MPC,129.25140000879765
426,0.7732458725594111,1.0391004973792295,MPC,129.25140000879765
427,0.7732458725594111,1.0391004973792295,MPC,129.25140000879765
428,0.7732458725594111,1.0391004973792295,MPC,129.25140000879765
429,0.7732458725594111,1.0391004973792295,MPC,129.25140000879765
430,0.8139176557582735,0.904474266595162,MPC,63.67179995868355
431,0.8139176557582735,0.904474266595162,MPC,63.67179995868355
432,0.8139176557582735,0.904474266595162,MPC,63.67179995868355
433,0.8139176557582735,0.904474266595162,MPC,63.67179995868355
434,0.8139176557582735,0.904474266595162,MPC,63.67179995868355
435,0.8543266189559328,0.7922964803930139,MPC,75.18200005870312
436,0.8543266189559328,0.7922964803930139,MPC,75.18200005870312
437,0.8543266189559328,0.7922964803930139,MPC,75.18200005870312
438,0.8543266189559328,0.7922964803930139,MPC,75.18200005870312
439,0.8543266189559328,0.7922964803930139,MPC,75.18200005870312
440,0.8925472202737881,0.7019578293655452,MPC,71.15129998419434
441,0.8925472202737881,0.7019578293655452,MPC,71.15129998419434
442,0.8925472202737881,0.7019578293655452,MPC,71.15129998419434
443,0.8925472202737881,0.7019578293655452,MPC,71.15129998419434
444,0.8925472202737881,0.7019578293655452,MPC,71.15129998419434
445,0.9269896637347333,0.6312098823350896,MPC,100.32819991465658
446,0.9269896637347333,0.6312098823350896,MPC,100.32819991465658
447,0.9269896637347333,0.6312098823350896,MPC,100.32819991465658
448,0.9269896637347333,0.6312098823350896,MPC,100.32819991465658
449,0.9269896637347333,0.6312098823350896,MPC,100.32819991465658
450,0.9563851606047394,0.5775209875480004,MPC,104.07500003930181
451,0.9563851606047394,0.5775209875480004,MPC,104.07500003930181
452,0.9563851606047394,0.5775209875480004,MPC,104.07500003930181
453,0.9563851606047394,0.5775209875480004,MPC,104.07500003930181
454,0.9563851606047394,0.5775209875480004,MPC,104.07500003930181
455,0.9797569566001209,0.5386558215539646,MPC,136.43539999611676
456,0.9797569566001209,0.5386558215539646,MPC,136.43539999611676
457,0.9797569566001209,0.5386558215539646,MPC,136.43539999611676
458,0.9797569566001209,0.5386558215539646,MPC,136.43539999611676
459,0.9797569566001209,0.5386558215539646,MPC,136.43539999611676
460,0.9963897657174519,0.5128793698634485,MPC,127.475899993442
461,0.9963897657174519,0.5128793698634485,MPC,127.475899993442
462,0.9963897657174519,0.5128793698634485,MPC,127.475899993442
463,0.9963897657174519,0.5128793698634485,MPC,127.475899993442
464,0.9963897657174519,0.5128793698634485,MPC,127.475899993442
465,1.0058047628312956,0.49900314543093655,MPC,71.15440000779927
466,1.0058047628312956,0.49900314543093655,MPC,71.15440000779927
467,1.0058047628312956,0.49900314543093655,MPC,71.15440000779927
468,1.0058047628312956,0.49900314543093655,MPC,71.15440000779927
469,1.0058047628312956,0.49900314543093655,MPC,71.15440000779927
470,1.0077424999387972,0.49637748012166427,MPC,88.46250001806766
471,1.0077424999387972,0.49637748012166427,MPC,88.46250001806766
472,1.0077424999387972,0.49637748012166427,MPC,88.46250001806766
473,1.0077424999387972,0.49637748012166427,MPC,88.46250001806766
474,1.0077424999387972,0.49637748012166427,MPC,88.46250001806766
475,1.002153916640086,0.5048755512244094,MPC,93.88749999925494
476,1.002153916640086,0.5048755512244094,MPC,93.88749999925494
477,1.002153916640086,0.5048755512244094,MPC,93.88749999925494
478,1.002153916640086,0.5048755512244094,MPC,93.88749999925494
479,1.002153916640086,0.5048755512244094,MPC,93.88749999925494
480,0.9891991788199305,0.5248863144568982,MPC,66.36910000815988
481,0.9891991788199305,0.5248863144568982,MPC,66.36910000815988
482,0.9891991788199305,0.5248863144568982,MPC,66.36910000815988
483,0.9891991788199305,0.5248863144568982,MPC,66.36910000815988
484,0.9891991788199305,0.5248863144568982,MPC,66.36910000815988
485,0.9692544752274747,0.5573174749070313,MPC,104.0731999091804
486,0.9692544752274747,0.5573174749070313,MPC,104.0731999091804
487,0.9692544752274747,0.5573174749070313,MPC,104.0731999091804
488,0.9692544752274747,0.5573174749070313,MPC,104.0731999091804
489,0.9692544752274747,0.5573174749070313,MPC,104.0731999091804
490,0.9429276161817456,0.6035953442221408,MPC,109.9578000139445
491,0.9429276161817456,0.6035953442221408,MPC,109.9578000139445
492,0.9429276161817456,0.6035953442221408,MPC,109.9578000139445
493,0.9429276161817456,0.6035953442221408,MPC,109.9578000139445
494,0.9429276161817456,0.6035953442221408,MPC,109.9578000139445
495,0.9110840339565937,0.6656271287179529,MPC,85.45690006576478
496,0.9110840339565937,0.6656271287179529,MPC,85.45690006576478
497,0.9110840339565937,0.6656271287179529,MPC,85.45690006576478
498,0.9110840339565937,0.6656271287179529,MPC,85.45690006576478
499,0.9110840339565937,0.6656271287179529,MPC,85.45690006576478
500,0.87488524474339,0.7456527508579491,MPC,79.23119992483407
501,0.87488524474339,0.7456527508579491,MPC,79.23119992483407
502,0.87488524474339,0.7456527508579491,MPC,79.23119992483407
503,0.87488524474339,0.7456527508579491,MPC,79.23119992483407
504,0.87488524474339,0.7456527508579491,MPC,79.23119992483407
505,0.8358411959765185,0.8458460621992028,MPC,146.5149000287056
506,0.8358411959765185,0.8458460621992028,MPC,146.5149000287056
507,0.8358411959765185,0.8458460621992028,MPC,146.5149000287056
508,0.8358411959765185,0.8458460621992028,MPC,146.5149000287056
509,0.8358411959765185,0.8458460621992028,MPC,146.5149000287056
510,0.7958741912931463,0.9674257639173907,MPC,215.84870002698153
511,0.7958741912931463,0.9674257639173907,MPC,215.84870002698153
512,0.7958741912931463,0.9674257639173907,MPC,215.84870002698153
513,0.7958741912931463,0.9674257639173907,MPC,215.84870002698153
514,0.7958741912931463,0.9674257639173907,MPC,215.84870002698153
515,0.7573808439122918,1.1089481128269407,MPC,132.26189999841154
516,0.7573808439122918,1.1089481128269407,MPC,132.26189999841154
517,0.7573808439122918,1.1089481128269407,MPC,132.26189999841154
518,0.7573808439122918,1.1089481128269407,MPC,132.26189999841154
519,0.7573808439122918,1.1089481128269407,MPC,132.26189999841154
520,0.7232521206279705,1.2635649382364154,MPC,124.51529991813004
521,0.7232521206279705,1.2635649382364154,MPC,124.51529991813004
522,0.7232521206279705,1.2635649382364154,MPC,124.51529991813004
523,0.7232521206279705,1.2635649382364154,MPC,124.51529991813004
524,0.7232521206279705,1.2635649382364154,MPC,124.51529991813004
525,0.6967642412920652,1.4157928759442318,MPC,135.18059998750687
526,0.6967642412920652,1.4157928759442318,MPC,135.18059998750687
527,0.6967642412920652,1.4157928759442318,MPC,135.18059998750687
528,0.6967642412920652,1.4157928759442318,MPC,135.18059998750687
529,0.6967642412920652,1.4157928759442318,MPC,135.18059998750687
530,0.6812069036542947,1.5402131279072522,MPC,128.36980004794896
531,0.6812069036542947,1.5402131279072522,MPC,128.36980004794896
532,0.6812069036542947,1.5402131279072522,MPC,128.36980004794896
533,0.6812069036542947,1.5402131279072522,MPC,128.36980004794896
534,0.6812069036542947,1.5402131279072522,MPC,128.36980004794896
535,0.6791691428058403,1.6064630260297872,MPC,77.708899974823
536,0.6791691428058403,1.6064630260297872,MPC,77.708899974823
537,0.6791691428058403,1.6064630260297872,MPC,77.708899974823
538,0.6791691428058403,1.6064630260297872,MPC,77.708899974823
539,0.6791691428058403,1.6064630260297872,MPC,77.708899974823
540,0.6916972829862572,1.5924940755816492,MPC,104.88030000124127
541,0.6916972829862572,1.5924940755816492,MPC,104.88030000124127
542,0.6916972829862572,1.5924940755816492,MPC,104.88030000124127
543,0.6916972829862572,1.5924940755816492,MPC,104.88030000124127
544,0.6916972829862572,1.5924940755816492,MPC,104.88030000124127
545,0.7179266470919101,1.4984610882130518,MPC,83.89710006304085
546,0.7179266470919101,1.4984610882130518,MPC,83.89710006304085
547,0.7179266470919101,1.4984610882130518,MPC,83.89710006304085
548,0.7179266470919101,1.4984610882130518,MPC,83.89710006304085
549,0.7179266470919101,1.4984610882130518,MPC,83.89710006304085
550,0.7556273500890859,1.3475610403731142,MPC,86.48199995514005
551,0.7556273500890859,1.3475610403731142,MPC,86.48199995514005
552,0.7556273500890859,1.3475610403731142,MPC,86.48199995514005
553,0.7556273500890859,1.3475610403731142,MPC,86.48199995514005
554,0.7556273500890859,1.3475610403731142,MPC,86.48199995514005
555,0.8022385412310833,1.1719644992402478,MPC,75.88549994397908
556,0.8022385412310833,1.1719644992402478,MPC,75.88549994397908
557,0.8022385412310833,1.1719644992402478,MPC,75.88549994397908
558,0.8022385412310833,1.1719644992402478,MPC,75.88549994397908
559,0.8022385412310833,1.1719644992402478,MPC,75.88549994397908
560,0.8555248107563173,0.997702538029616,MPC,62.41109990514815
561,0.8555248107563173,0.997702538029616,MPC,62.41109990514815
562,0.8555248107563173,0.997702538029616,MPC,62.41109990514815
563,0.8555248107563173,0.997702538029616,MPC,62.41109990514815
564,0.8555248107563173,0.997702538029616,MPC,62.41109990514815
565,0.7608545925091874,0.8426058853971503,MPC,65.68190001416951
566,0.7608545925091874,0.8426058853971503,MPC,65.68190001416951
567,0.7608545925091874,0.8426058853971503,MPC,65.68190001416951
568,0.7608545925091874,0.8426058853971503,MPC,65.68190001416951
569,0.7608545925091874,0.8426058853971503,MPC,65.68190001416951
570,0.06534188004934693,0.7331677301700906,MPC,63.72089998330921
571,0.06534188004934693,0.7331677301700906,MPC,63.72089998330921
572,0.06534188004934693,0.7331677301700906,MPC,63.72089998330921
573,0.06534188004934693,0.7331677301700906,MPC,63.72089998330921
574,0.06534188004934693,0.7331677301700906,MPC,63.72089998330921
575,1.0787986748237497,0.6310323785572333,MPC,78.40210001450032
576,1.0787986748237497,0.6310323785572333,MPC,78.40210001450032
577,1.0787986748237497,0.6310323785572333,MPC,78.40210001450032
578,1.0787986748237497,0.6310323785572333,MPC,78.40210001450032
579,1.0787986748237497,0.6310323785572333,MPC,78.40210001450032
580,-1.900000030348918,2.3417800270020446,MPC,71.07049995101988
581,-1.900000030348918,2.3417800270020446,MPC,71.07049995101988
582,-1.900000030348918,2.3417800270020446,MPC,71.07049995101988
583,-1.900000030348918,2.3417800270020446,MPC,71.07049995101988
584,-1.900000030348918,2.3417800270020446,MPC,71.07049995101988
585,-1.9000000237670336,2.8500000295787022,MPC,90.13420005794615
586,-1.9000000237670336,2.8500000295787022,MPC,90.13420005794615
587,-1.9000000237670336,2.8500000295787022,MPC,90.13420005794615
588,-1.9000000237670336,2.8500000295787022,MPC,90.13420005794615
589,-1.9000000237670336,2.8500000295787022,MPC,90.13420005794615
590,1.702986508307879,0.14042171742427945,MPC,139.96990001760423
591,1.702986508307879,0.14042171742427945,MPC,139.96990001760423
592,1.702986508307879,0.14042171742427945,MPC,139.96990001760423
593,1.702986508307879,0.14042171742427945,MPC,139.96990001760423
594,1.702986508307879,0.14042171742427945,MPC,139.96990001760423
595,1.7754409447917592,0.08390215662328965,MPC,170.05670000799
596,1.7754409447917592,0.08390215662328965,MPC,170.05670000799
597,1.7754409447917592,0.08390215662328965,MPC,170.05670000799
598,1.7754409447917592,0.08390215662328965,MPC,170.05670000799
599,1.7754409447917592,0.08390215662328965,MPC,170.05670000799
600,1.8424639585691573,0.03567198967033525,MPC,123.4243999933824
601,1.8424639585691573,0.03567198967033525,MPC,123.4243999933824
602,1.8424639585691573,0.03567198967033525,MPC,123.4243999933824
603,1.8424639585691573,0.03567198967033525,MPC,123.4243999933824
604,1.8424639585691573,0.03567198967033525,MPC,123.4243999933824
605,1.9024328443206326,-0.006199417502070148,MPC,132.12129997555166
606,1.9024328443206326,-0.006199417502070148,MPC,132.12129997555166
607,1.9024328443206326,-0.006199417502070148,MPC,132.12129997555166
608,1.9024328443206326,-0.006199417502070148,MPC,132.12129997555166
609,1.9024328443206326,-0.006199417502070148,MPC,132.12129997555166
610,1.9539700107463722,-0.043333535331088524,MPC,145.9300999995321
611,1.9539700107463722,-0.043333535331088524,MPC,145.9300999995321
612,1.9539700107463722,-0.043333535331088524,MPC,145.9300999995321
613,1.9539700107463722,-0.043333535331088524,MPC,145.9300999995321
614,1.9539700107463722,-0.043333535331088524,MPC,145.9300999995321
615,1.8955440120620684,-2.8419156139892143,MPC,68.02459992468357
616,1.8955440120620684,-2.8419156139892143,MPC,68.02459992468357
617,1.8955440120620684,-2.8419156139892143,MPC,68.02459992468357
618,1.8955440120620684,-2.8419156139892143,MPC,68.02459992468357
619,1.8955440120620684,-2.8419156139892143,MPC,68.02459992468357
620,1.8972529999521857,-0.6466870921653537,MPC,62.18309991527349
621,1.8972529999521857,-0.6466870921653537,MPC,62.18309991527349
622,1.8972529999521857,-0.6466870921653537,MPC,62.18309991527349
623,1.8972529999521857,-0.6466870921653537,MPC,62.18309991527349
624,1.8972529999521857,-0.6466870921653537,MPC,62.18309991527349
625,1.8990043291821848,0.004475747891907363,MPC,58.395199943333864
626,1.8990043291821848,0.004475747891907363,MPC,58.395199943333864
627,1.8990043291821848,0.004475747891907363,MPC,58.395199943333864
628,1.8990043291821848,0.004475747891907363,MPC,58.395199943333864
629,1.8990043291821848,0.004475747891907363,MPC,58.395199943333864
630,1.9000000000000001,-0.03201528873984619,MPC,58.57930006459355
631,1.9000000000000001,-0.03201528873984619,MPC,58.57930006459355
632,1.9000000000000001,-0.03201528873984619,MPC,58.57930006459355
633,1.9000000000000001,-0.03201528873984619,MPC,58.57930006459355
634,1.9000000000000001,-0.03201528873984619,MPC,58.57930006459355
635,1.9,-0.0691780555914759,MPC,56.824599974788725
636,1.9,-0.0691780555914759,MPC,56.824599974788725
637,1.9,-0.0691780555914759,MPC,56.824599974788725
638,1.9,-0.0691780555914759,MPC,56.824599974788725
639,1.9,-0.0691780555914759,MPC,56.824599974788725
640,1.9,-0.10823107136623313,MPC,58.24169993866235
641,1.9,-0.10823107136623313,MPC,58.24169993866235
642,1.9,-0.10823107136623313,MPC,58.24169993866235
643,1.9,-0.10823107136623313,MPC,58.24169993866235
644,1.9,-0.10823107136623313,MPC,58.24169993866235
645,1.8999999999999995,-0.15024120049041498,MPC,59.06599992886186
646,1.8999999999999995,-0.15024120049041498,MPC,59.06599992886186
647,1.8999999999999995,-0.15024120049041498,MPC,59.06599992886186
648,1.8999999999999995,-0.15024120049041498,MPC,59.06599992886186
649,1.8999999999999995,-0.15024120049041498,MPC,59.06599992886186
650,1.6840936986482444,-0.19582094583205628,MPC,59.8332000663504
651,1.6840936986482444,-0.19582094583205628,MPC,59.8332000663504
652,1.6840936986482444,-0.19582094583205628,MPC,59.8332000663504
653,1.6840936986482444,-0.19582094583205628,MPC,59.8332000663504
654,1.6840936986482444,-0.19582094583205628,MPC,59.8332000663504
655,1.465559676355511,-0.24681795809281037,MPC,59.06390002928674
656,1.465559676355511,-0.24681795809281037,MPC,59.06390002928674
657,1.465559676355511,-0.24681795809281037,MPC,59.06390002928674
658,1.465559676355511,-0.24681795809281037,MPC,59.06390002928674
659,1.465559676355511,-0.24681795809281037,MPC,59.06390002928674
660,1.3639554599624093,-0.3052225958079454,MPC,58.181799948215485
661,1.3639554599624093,-0.3052225958079454,MPC,58.181799948215485
662,1.3639554599624093,-0.3052225958079454,MPC,58.181799948215485
663,1.3639554599624093,-0.3052225958079454,MPC,58.181799948215485
664,1.3639554599624093,-0.3052225958079454,MPC,58.181799948215485
665,1.3050180447101312,-0.3728972564672173,MPC,58.558300021104515
666,1.3050180447101312,-0.3728972564672173,MPC,58.558300021104515
667,1.3050180447101312,-0.3728972564672173,MPC,58.558300021104515
668,1.3050180447101312,-0.3728972564672173,MPC,58.558300021104515
669,1.3050180447101312,-0.3728972564672173,MPC,58.558300021104515
670,1.2628592311396818,-0.4520861283935563,MPC,68.96240008063614
671,1.2628592311396818,-0.4520861283935563,MPC,68.96240008063614
672,1.2628592311396818,-0.4520861283935563,MPC,68.96240008063614
673,1.2628592311396818,-0.4520861283935563,MPC,68.96240008063614
674,1.2628592311396818,-0.4520861283935563,MPC,68.96240008063614
675,1.2297709051866168,-0.5454121337874643,MPC,117.69990005996078
676,1.2297709051866168,-0.5454121337874643,MPC,117.69990005996078
677,1.2297709051866168,-0.5454121337874643,MPC,117.69990005996078
678,1.2297709051866168,-0.5454121337874643,MPC,117.69990005996078
679,1.2297709051866168,-0.5454121337874643,MPC,117.69990005996078
680,1.205138881384144,-0.655633669780245,MPC,64.05150005593896
681,1.205138881384144,-0.655633669780245,MPC,64.05150005593896
682,1.205138881384144,-0.655633669780245,MPC,64.05150005593896
683,1.205138881384144,-0.655633669780245,MPC,64.05150005593896
684,1.205138881384144,-0.655633669780245,MPC,64.05150005593896
685,1.1912711035414978,-0.7850861881240574,MPC,101.06639994774014
686,1.1912711035414978,-0.7850861881240574,MPC,101.06639994774014
687,1.1912711035414978,-0.7850861881240574,MPC,101.06639994774014
688,1.1912711035414978,-0.7850861881240574,MPC,101.06639994774014
689,1.1912711035414978,-0.7850861881240574,MPC,101.06639994774014
690,1.1915172726530363,-0.9345090245488681,MPC,74.31639998685569
691,1.1915172726530363,-0.9345090245488681,MPC,74.31639998685569
692,1.1915172726530363,-0.9345090245488681,MPC,74.31639998685569
693,1.1915172726530363,-0.9345090245488681,MPC,74.31639998685569
694,1.1915172726530363,-0.9345090245488681,MPC,74.31639998685569
695,1.2087188711521109,-1.1009271055242553,MPC,112.61940002441406
696,1.2087188711521109,-1.1009271055242553,MPC,112.61940002441406
697,1.2087188711521109,-1.1009271055242553,MPC,112.61940002441406
698,1.2087188711521109,-1.1009271055242553,MPC,112.61940002441406
699,1.2087188711521109,-1.1009271055242553,MPC,112.61940002441406
700,1.2429884345388078,-1.2745706158662098,MPC,87.59410004131496
701,1.2429884345388078,-1.2745706158662098,MPC,87.59410004131496
702,1.2429884345388078,-1.2745706158662098,MPC,87.59410004131496
703,1.2429884345388078,-1.2745706158662098,MPC,87.59410004131496
704,1.2429884345388078,-1.2745706158662098,MPC,87.59410004131496
705,1.2886613930044253,-1.436013749114075,MPC,60.90450007468462
706,1.2886613930044253,-1.436013749114075,MPC,60.90450007468462
707,1.2886613930044253,-1.436013749114075,MPC,60.90450007468462
708,1.2886613930044253,-1.436013749114075,MPC,60.90450007468462
709,1.2886613930044253,-1.436013749114075,MPC,60.90450007468462
710,1.3321080000913756,-1.5569141046498671,MPC,56.848300038836896
711,1.3321080000913756,-1.5569141046498671,MPC,56.848300038836896
712,1.3321080000913756,-1.5569141046498671,MPC,56.848300038836896
713,1.3321080000913756,-1.5569141046498671,MPC,56.848300038836896
714,1.3321080000913756,-1.5569141046498671,MPC,56.848300038836896
715,1.3544081338915899,-1.6085834421990508,MPC,56.916699977591634
716,1.3544081338915899,-1.6085834421990508,MPC,56.916699977591634
717,1.3544081338915899,-1.6085834421990508,MPC,56.916699977591634
718,1.3544081338915899,-1.6085834421990508,MPC,56.916699977591634
719,1.3544081338915899,-1.6085834421990508,MPC,56.916699977591634
720,1.34125155182881,-1.5770672097438356,MPC,57.778799906373024
721,1.34125155182881,-1.5770672097438356,MPC,57.778799906373024
722,1.34125155182881,-1.5770672097438356,MPC,57.778799906373024
723,1.34125155182881,-1.5770672097438356,MPC,57.778799906373024
724,1.34125155182881,-1.5770672097438356,MPC,57.778799906373024
725,1.2936974680809645,-1.4730652957681,MPC,55.067499983124435
726,1.2936974680809645,-1.4730652957681,MPC,55.067499983124435
727,1.2936974680809645,-1.4730652957681,MPC,55.067499983124435
728,1.2936974680809645,-1.4730652957681,MPC,55.067499983124435
729,1.2936974680809645,-1.4730652957681,MPC,55.067499983124435
730,1.2282138972521177,-1.325719194977502,MPC,59.343400062061846
731,1.2282138972521177,-1.325719194977502,MPC,59.343400062061846
732,1.2282138972521177,-1.325719194977502,MPC,59.343400062061846
733,1.2282138972521177,-1.325719194977502,MPC,59.343400062061846
734,1.2282138972521177,-1.325719194977502,MPC,59.343400062061846
735,1.1651713114715436,-1.1661688477201624,MPC,62.07890005316585
736,1.1651713114715436,-1.1661688477201624,MPC,62.07890005316585
737,1.1651713114715436,-1.1661688477201624,MPC,62.07890005316585
738,1.1651713114715436,-1.1661688477201624,MPC,62.07890005316585
739,1.1651713114715436,-1.1661688477201624,MPC,62.07890005316585
740,1.1177516317780936,-1.0159253747485657,MPC,57.404099963605404
741,1.1177516317780936,-1.0159253747485657,MPC,57.404099963605404
742,1.1177516317780936,-1.0159253747485657,MPC,57.404099963605404
743,1.1177516317780936,-1.0159253747485657,MPC,57.404099963605404
744,1.1177516317780936,-1.0159253747485657,MPC,57.404099963605404
745,1.0894126041956562,-0.8853001361902512,MPC,58.66680003236979
746,1.0894126041956562,-0.8853001361902512,MPC,58.66680003236979
747,1.0894126041956562,-0.8853001361902512,MPC,58.66680003236979
748,1.0894126041956562,-0.8853001361902512,MPC,58.66680003236979
749,1.0894126041956562,-0.8853001361902512,MPC,58.66680003236979
750,1.077342342959855,-0.7770387674113363,MPC,57.68289999105036
751,1.077342342959855,-0.7770387674113363,MPC,57.68289999105036
752,1.077342342959855,-0.7770387674113363,MPC,57.68289999105036
753,1.077342342959855,-0.7770387674113363,MPC,57.68289999105036
754,1.077342342959855,-0.7770387674113363,MPC,57.68289999105036
755,1.0765175475867386,-0.6901504226835128,MPC,58.01199993584305
756,1.0765175475867386,-0.6901504226835128,MPC,58.01199993584305
757,1.0765175475867386,-0.6901504226835128,MPC,58.01199993584305
758,1.0765175475867386,-0.6901504226835128,MPC,58.01199993584305
759,1.0765175475867386,-0.6901504226835128,MPC,58.01199993584305
760,1.0820476420329124,-0.6223084890593388,MPC,110.9898000722751
761,1.0820476420329124,-0.6223084890593388,MPC,110.9898000722751
762,1.0820476420329124,-0.6223084890593388,MPC,110.9898000722751
763,1.0820476420329124,-0.6223084890593388,MPC,110.9898000722751
764,1.0820476420329124,-0.6223084890593388,MPC,110.9898000722751
765,1.0900012568751827,-0.5710351317819772,MPC,107.71890007890761
766,1.0900012568751827,-0.5710351317819772,MPC,107.71890007890761
767,1.0900012568751827,-0.5710351317819772,MPC,107.71890007890761
768,1.0900012568751827,-0.5710351317819772,MPC,107.71890007890761
769,1.0900012568751827,-0.5710351317819772,MPC,107.71890007890761
770,1.0974810986650998,-0.5341952690510312,MPC,83.0696999328211
771,1.0974810986650998,-0.5341952690510312,MPC,83.0696999328211
772,1.0974810986650998,-0.5341952690510312,MPC,83.0696999328211
773,1.0974810986650998,-0.5341952690510312,MPC,83.0696999328211
774,1.0974810986650998,-0.5341952690510312,MPC,83.0696999328211
775,1.1024590298004162,-0.510164114626012,MPC,83.1432999111712
776,1.1024590298004162,-0.510164114626012,MPC,83.1432999111712
777,1.1024590298004162,-0.510164114626012,MPC,83.1432999111712
778,1.1024590298004162,-0.510164114626012,MPC,83.1432999111712
779,1.1024590298004162,-0.510164114626012,MPC,83.1432999111712
780,1.1035905796038792,-0.49786058630258,MPC,64.19589999131858
781,1.1035905796038792,-0.49786058630258,MPC,64.19589999131858
782,1.1035905796038792,-0.49786058630258,MPC,64.19589999131858
783,1.1035905796038792,-0.49786058630258,MPC,64.19589999131858
784,1.1035905796038792,-0.49786058630258,MPC,64.19589999131858
785,1.1000731269699973,-0.49673716002399404,MPC,101.95100004784763
786,1.1000731269699973,-0.49673716002399404,MPC,101.95100004784763
787,1.1000731269699973,-0.49673716002399404,MPC,101.95100004784763
788,1.1000731269699973,-0.49673716002399404,MPC,101.95100004784763
789,1.1000731269699973,-0.49673716002399404,MPC,101.95100004784763
790,1.0915542378090313,-0.5067655454860052,MPC,107.26379998959601
791,1.0915542378090313,-0.5067655454860052,MPC,107.26379998959601
792,1.0915542378090313,-0.5067655454860052,MPC,107.26379998959601
793,1.0915542378090313,-0.5067655454860052,MPC,107.26379998959601
794,1.0915542378090313,-0.5067655454860052,MPC,107.26379998959601
795,1.0780821230725413,-0.5284322180953017,MPC,168.38459996506572
796,1.0780821230725413,-0.5284322180953017,MPC,168.38459996506572
797,1.0780821230725413,-0.5284322180953017,MPC,168.38459996506572
798,1.0780821230725413,-0.5284322180953017,MPC,168.38459996506572
799,1.0780821230725413,-0.5284322180953017,MPC,168.38459996506572
800,1.060090211507772,-0.5627427401498548,MPC,79.81259992811829
801,1.060090211507772,-0.5627427401498548,MPC,79.81259992811829
802,1.060090211507772,-0.5627427401498548,MPC,79.81259992811829
803,1.060090211507772,-0.5627427401498548,MPC,79.81259992811829
804,1.060090211507772,-0.5627427401498548,MPC,79.81259992811829
805,1.0384111561885294,-0.6112189366761904,MPC,110.97729997709394
806,1.0384111561885294,-0.6112189366761904,MPC,110.97729997709394
807,1.0384111561885294,-0.6112189366761904,MPC,110.97729997709394
808,1.0384111561885294,-0.6112189366761904,MPC,110.97729997709394
809,1.0384111561885294,-0.6112189366761904,MPC,110.97729997709394
810,1.014318287888699,-0.6758495504286302,MPC,91.43689996562898
811,1.014318287888699,-0.6758495504286302,MPC,91.43689996562898
812,1.014318287888699,-0.6758495504286302,MPC,91.43689996562898
813,1.014318287888699,-0.6758495504286302,MPC,91.43689996562898
814,1.014318287888699,-0.6758495504286302,MPC,91.43689996562898
815,0.9895922485243575,-0.7589124802494215,MPC,87.7639000536874
816,0.9895922485243575,-0.7589124802494215,MPC,87.7639000536874
817,0.9895922485243575,-0.7589124802494215,MPC,87.7639000536874
818,0.9895922485243575,-0.7589124802494215,MPC,87.7639000536874
819,0.9895922485243575,-0.7589124802494215,MPC,87.7639000536874
820,0.9666030171787663,-0.8625136542890655,MPC,81.68689999729395
821,0.9666030171787663,-0.8625136542890655,MPC,81.68689999729395
822,0.9666030171787663,-0.8625136542890655,MPC,81.68689999729395
823,0.9666030171787663,-0.8625136542890655,MPC,81.68689999729395
824,0.9666030171787663,-0.8625136542890655,MPC,81.68689999729395
825,0.9483730407324322,-0.9875844391863597,MPC,124.10279992036521
826,0.9483730407324322,-0.9875844391863597,MPC,124.10279992036521
827,0.9483730407324322,-0.9875844391863597,MPC,124.10279992036521
828,0.9483730407324322,-0.9875844391863597,MPC,124.10279992036521
829,0.9483730407324322,-0.9875844391863597,MPC,124.10279992036521
830,0.9385275266814028,-1.1320054217479223,MPC,112.52209998201579
831,0.9385275266814028,-1.1320054217479223,MPC,112.52209998201579
832,0.9385275266814028,-1.1320054217479223,MPC,112.52209998201579
833,0.9385275266814028,-1.1320054217479223,MPC,112.52209998201579
834,0.9385275266814028,-1.1320054217479223,MPC,112.52209998201579
835,0.9409254461541949,-1.28770585252087,MPC,75.40640002116561
836,0.9409254461541949,-1.28770585252087,MPC,75.40640002116561
837,0.9409254461541949,-1.28770585252087,MPC,75.40640002116561
838,0.9409254461541949,-1.28770585252087,MPC,75.40640002116561
839,0.9409254461541949,-1.28770585252087,MPC,75.40640002116561
840,0.9586407614528087,-1.4375178022265127,MPC,70.84910001140088
841,0.9586407614528087,-1.4375178022265127,MPC,70.84910001140088
842,0.9586407614528087,-1.4375178022265127,MPC,70.84910001140088
843,0.9586407614528087,-1.4375178022265127,MPC,70.84910001140088
844,0.9586407614528087,-1.4375178022265127,MPC,70.84910001140088
845,0.9920760099822181,-1.5546011271454838,MPC,158.93169993069023
846,0.9920760099822181,-1.5546011271454838,MPC,158.93169993069023
847,0.9920760099822181,-1.5546011271454838,MPC,158.93169993069023
848,0.9920760099822181,-1.5546011271454838,MPC,158.93169993069023
849,0.9920760099822181,-1.5546011271454838,MPC,158.93169993069023
850,1.0368307801946868,-1.6088647330759474,MPC,88.02170003764331
851,1.0368307801946868,-1.6088647330759474,MPC,88.02170003764331
852,1.0368307801946868,-1.6088647330759474,MPC,88.02170003764331
853,1.0368307801946868,-1.6088647330759474,MPC,88.02170003764331
854,1.0368307801946868,-1.6088647330759474,MPC,88.02170003764331
855,1.0834303144262607,-1.5811823576700597,MPC,69.8604000499472
856,1.0834303144262607,-1.5811823576700597,MPC,69.8604000499472
857,1.0834303144262607,-1.5811823576700597,MPC,69.8604000499472
858,1.0834303144262607,-1.5811823576700597,MPC,69.8604000499472
859,1.0834303144262607,-1.5811823576700597,MPC,69.8604000499472
860,1.1210263635436628,-1.475976322412091,MPC,67.09520006552339
861,1.1210263635436628,-1.475976322412091,MPC,67.09520006552339
862,1.1210263635436628,-1.475976322412091,MPC,67.09520006552339
863,1.1210263635436628,-1.475976322412091,MPC,67.09520006552339
864,1.1210263635436628,-1.475976322412091,MPC,67.09520006552339
865,1.1435274218440794,-1.3191426231077794,MPC,102.6862000580877
866,1.1435274218440794,-1.3191426231077794,MPC,102.6862000580877
867,1.1435274218440794,-1.3191426231077794,MPC,102.6862000580877
868,1.1435274218440794,-1.3191426231077794,MPC,102.6862000580877
869,1.1435274218440794,-1.3191426231077794,MPC,102.6862000580877
870,1.152889675656574,-1.1426518604680234,MPC,95.02050001174212
871,1.152889675656574,-1.1426518604680234,MPC,95.02050001174212
872,1.152889675656574,-1.1426518604680234,MPC,95.02050001174212
873,1.152889675656574,-1.1426518604680234,MPC,95.02050001174212
874,1.152889675656574,-1.1426518604680234,MPC,95.02050001174212
875,1.1566974913692363,-0.9706642721136167,MPC,105.22689996287227
876,1.1566974913692363,-0.9706642721136167,MPC,105.22689996287227
877,1.1566974913692363,-0.9706642721136167,MPC,105.22689996287227
878,1.1566974913692363,-0.9706642721136167,MPC,105.22689996287227
879,1.1566974913692363,-0.9706642721136167,MPC,105.22689996287227
880,1.1629727238258636,-0.8157219569141237,MPC,90.30979999806732
881,1.1629727238258636,-0.8157219569141237,MPC,90.30979999806732
882,1.1629727238258636,-0.8157219569141237,MPC,90.30979999806732
883,1.1629727238258636,-0.8157219569141237,MPC,90.30979999806732
884,1.1629727238258636,-0.8157219569141237,MPC,90.30979999806732
885,1.1766083407064898,-0.6817002191545585,MPC,57.93689994607121
886,1.1766083407064898,-0.6817002191545585,MPC,57.93689994607121
887,1.1766083407064898,-0.6817002191545585,MPC,57.93689994607121
888,1.1766083407064898,-0.6817002191545585,MPC,57.93689994607121
889,1.1766083407064898,-0.6817002191545585,MPC,57.93689994607121
890,1.198769445608869,-0.5678682346581816,MPC,60.49199996050447
891,1.198769445608869,-0.5678682346581816,MPC,60.49199996050447
892,1.198769445608869,-0.5678682346581816,MPC,60.49199996050447
893,1.198769445608869,-0.5678682346581816,MPC,60.49199996050447
894,1.198769445608869,-0.5678682346581816,MPC,60.49199996050447
895,1.2280325351055206,-0.4716549065004164,MPC,57.74819990620017
896,1.2280325351055206,-0.4716549065004164,MPC,57.74819990620017
897,1.2280325351055206,-0.4716549065004164,MPC,57.74819990620017
898,1.2280325351055206,-0.4716549065004164,MPC,57.74819990620017
899,1.2280325351055206,-0.4716549065004164,MPC,57.74819990620017
900,1.2617861834737618,-0.39006676384001193,MPC,59.93880005553365
901,1.2617861834737618,-0.39006676384001193,MPC,59.93880005553365
902,1.2617861834737618,-0.39006676384001193,MPC,59.93880005553365
903,1.2617861834737618,-0.39006676384001193,MPC,59.93880005553365
904,1.2617861834737618,-0.39006676384001193,MPC,59.93880005553365
905,1.2972050397902897,-0.32028671962320193,MPC,59.77709998842329
906,1.2972050397902897,-0.32028671962320193,MPC,59.77709998842329
907,1.2972050397902897,-0.32028671962320193,MPC,59.77709998842329
908,1.2972050397902897,-0.32028671962320193,MPC,59.77709998842329
909,1.2972050397902897,-0.32028671962320193,MPC,59.77709998842329
910,1.3317355871815433,-0.2598694256890196,MPC,57.46839998755604
911,1.3317355871815433,-0.2598694256890196,MPC,57.46839998755604
912,1.3317355871815433,-0.2598694256890196,MPC,57.46839998755604
913,1.3317355871815433,-0.2598694256890196,MPC,57.46839998755604
914,1.3317355871815433,-0.2598694256890196,MPC,57.46839998755604
915,1.3632582392175099,-0.20676130715049076,MPC,56.660400005057454
916,1.3632582392175099,-0.20676130715049076,MPC,56.660400005057454
917,1.3632582392175099,-0.20676130715049076,MPC,56.660400005057454
918,1.3632582392175099,-0.20676130715049076,MPC,56.660400005057454
919,1.3632582392175099,-0.20676130715049076,MPC,56.660400005057454
920,1.3900898884461428,-0.15925368248135902,MPC,58.367099962197244
921,1.3900898884461428,-0.15925368248135902,MPC,58.367099962197244
922,1.3900898884461428,-0.15925368248135902,MPC,58.367099962197244
923,1.3900898884461428,-0.15925368248135902,MPC,58.367099962197244
924,1.3900898884461428,-0.15925368248135902,MPC,58.367099962197244
925,1.410928885000409,-0.11591639303019463,MPC,104.25159998703748
926,1.410928885000409,-0.11591639303019463,MPC,104.25159998703748
927,1.410928885000409,-0.11591639303019463,MPC,104.25159998703748
928,1.410928885000409,-0.11591639303019463,MPC,104.25159998703748
929,1.410928885000409,-0.11591639303019463,MPC,104.25159998703748
930,1.4247912261649585,-0.07553089898155296,MPC,98.13719999510795
931,1.4247912261649585,-0.07553089898155296,MPC,98.13719999510795
932,1.4247912261649585,-0.07553089898155296,MPC,98.13719999510795
933,1.4247912261649585,-0.07553089898155296,MPC,98.13719999510795
934,1.4247912261649585,-0.07553089898155296,MPC,98.13719999510795
935,1.4309558703649747,-0.03702908000500957,MPC,93.81780005060136
936,1.4309558703649747,-0.03702908000500957,MPC,93.81780005060136
937,1.4309558703649747,-0.03702908000500957,MPC,93.81780005060136
938,1.4309558703649747,-0.03702908000500957,MPC,93.81780005060136
939,1.4309558703649747,-0.03702908000500957,MPC,93.81780005060136
940,1.4289228280752782,0.0005615007102938059,MPC,65.42620004620403
941,1.4289228280752782,0.0005615007102938059,MPC,65.42620004620403
942,1.4289228280752782,0.0005615007102938059,MPC,65.42620004620403
943,1.4289228280752782,0.0005615007102938059,MPC,65.42620004620403
944,1.4289228280752782,0.0005615007102938059,MPC,65.42620004620403
945,1.4183824398280536,0.03816735511589518,MPC,101.90780006814748
946,1.4183824398280536,0.03816735511589518,MPC,101.90780006814748
947,1.4183824398280536,0.03816735511589518,MPC,101.90780006814748
948,1.4183824398280536,0.03816735511589518,MPC,101.90780006814748
949,1.4183824398280536,0.03816735511589518,MPC,101.90780006814748
950,1.3991930290034484,0.07671617622499963,MPC,70.93679998070002
951,1.3991930290034484,0.07671617622499963,MPC,70.93679998070002
952,1.3991930290034484,0.07671617622499963,MPC,70.93679998070002
953,1.3991930290034484,0.07671617622499963,MPC,70.93679998070002
954,1.3991930290034484,0.07671617622499963,MPC,70.93679998070002
955,1.3713643643566924,0.11718384718625086,MPC,103.54899999219924
956,1.3713643643566924,0.11718384718625086,MPC,103.54899999219924
957,1.3713643643566924,0.11718384718625086,MPC,103.54899999219924
958,1.3713643643566924,0.11718384718625086,MPC,103.54899999219924
959,1.3713643643566924,0.11718384718625086,MPC,103.54899999219924
960,1.3350449969030382,0.1606438142628295,MPC,63.44830000307411
961,1.3350449969030382,0.1606438142628295,MPC,63.44830000307411
962,1.3350449969030382,0.1606438142628295,MPC,63.44830000307411
963,1.3350449969030382,0.1606438142628295,MPC,63.44830000307411
964,1.3350449969030382,0.1606438142628295,MPC,63.44830000307411
965,1.2905121777060238,0.20832080930389985,MPC,59.75120002403855
966,1.2905121777060238,0.20832080930389985,MPC,59.75120002403855
967,1.2905121777060238,0.20832080930389985,MPC,59.75120002403855
968,1.2905121777060238,0.20832080930389985,MPC,59.75120002403855
969,1.2905121777060238,0.20832080930389985,MPC,59.75120002403855
970,1.238163668120458,0.2616496458255236,MPC,56.60740006715059
971,1.238163668120458,0.2616496458255236,MPC,56.60740006715059
972,1.238163668120458,0.2616496458255236,MPC,56.60740006715059
973,1.238163668120458,0.2616496458255236,MPC,56.60740006715059
974,1.238163668120458,0.2616496458255236,MPC,56.60740006715059
975,1.1785114391856373,0.3223367952942833,MPC,58.69970005005598
976,1.1785114391856373,0.3223367952942833,MPC,58.69970005005598
977,1.1785114391856373,0.3223367952942833,MPC,58.69970005005598
978,1.1785114391856373,0.3223367952942833,MPC,58.69970005005598
979,1.1785114391856373,0.3223367952942833,MPC,58.69970005005598
980,1.112178304837967,0.3924156721722505,MPC,58.571500005200505
981,1.112178304837967,0.3924156721722505,MPC,58.571500005200505
982,1.112178304837967,0.3924156721722505,MPC,58.571500005200505
983,1.112178304837967,0.3924156721722505,MPC,58.571500005200505
984,1.112178304837967,0.3924156721722505,MPC,58.571500005200505
985,1.0399005227494265,0.47427214596039674,MPC,62.8618000773713
986,1.0399005227494265,0.47427214596039674,MPC,62.8618000773713
987,1.0399005227494265,0.47427214596039674,MPC,62.8618000773713
988,1.0399005227494265,0.47427214596039674,MPC,62.8618000773713
989,1.0399005227494265,0.47427214596039674,MPC,62.8618000773713
990,0.9625434851520722,0.5705878899484651,MPC,55.87330006528646
991,0.9625434851520722,0.5705878899484651,MPC,55.87330006528646
992,0.9625434851520722,0.5705878899484651,MPC,55.87330006528646
993,0.9625434851520722,0.5705878899484651,MPC,55.87330006528646
994,0.9625434851520722,0.5705878899484651,MPC,55.87330006528646
995,0.8794478827612138,0.6839094172901901,MPC,80.47880011145025
996,0.8794478827612138,0.6839094172901901,MPC,80.47880011145025
997,0.8794478827612138,0.6839094172901901,MPC,80.47880011145025
998,0.8794478827612138,0.6839094172901901,MPC,80.47880011145025
