timestep,px,py,theta,px_ref,py_ref,theta_ref,error_px,error_py,error_theta,error_norm
0,0.0,0.0,0.7853981633974483,0.0,0.0,0.7853981633974483,0.0,0.0,0.0,0.0
1,0.020000000000000004,0.020000000000000004,0.7853231571470295,0.01999966666833333,0.01999866669333308,0.7853231571470295,3.333316666749575e-07,1.3333066669236893e-06,0.0,1.3743422674397607e-06
2,0.039998819356608054,0.03999581950870429,0.785097907719183,0.03999733338666616,0.03998933418663416,0.7850980633706443,1.4859699418931505e-06,6.48532207012803e-06,-1.5565146127549667e-07,6.655203708294499e-06
3,0.059993958498434016,0.059978954946219826,0.7847217536776666,0.05999100040499132,0.0599640064794446,0.7847226568420766,2.9580934426953753e-06,1.4948466775223379e-05,-9.031644100376823e-07,1.5265080468089034e-05
4,0.07998303588536754,0.07994100899541234,0.7841939699981209,0.07997866837326832,0.07991469396917268,0.7841965616812204,4.367512099215376e-06,2.6315026239662198e-05,-2.591683099573139e-06,2.6800608000930046e-05
5,0.09996376287949969,0.09987367252489919,0.7835137523426793,0.09995833854135666,0.09983341664682815,0.7835192505983565,5.4243381430313375e-06,4.025587807103548e-05,-5.498255677194308e-06,4.099012050545618e-05
6,0.10313486962178295,0.10303285039475965,0.7833240372562943,0.11992801295888919,0.11971220728891936,0.7826900438339384,-0.016793143337106242,-0.01667935689415971,0.0006339934223559274,0.023677258228159345
7,0.1066348951728337,0.10651838698797915,0.7831059766674834,0.13988569467506554,0.1395431146442365,0.7817081077917023,-0.03325079950223184,-0.033024727656257344,0.001397868875781083,0.046884990580157604
8,0.11045612023804595,0.11032213416239704,0.7828577790214754,0.1598293879383454,0.15931820661424598,0.7805724533623122,-0.04937326770029944,-0.048996072451848935,0.002285325659163173,0.06959567078835215
9,0.1145909181842678,0.11443597734449593,0.7825776765339804,0.17975709839602208,0.17902957342582415,0.7792819339341677,-0.06516618021175428,-0.06459359608132823,0.00329574259981269,0.09181408180335322
10,0.11903175523333753,0.11885183413868643,0.7822639178128574,0.1996668332936563,0.19866933079506124,0.7778352430874435,-0.08063507806031878,-0.07981749665637482,0.0044286747254139724,0.11354497675418154
11,0.12377119059336704,0.12356165311804616,0.7819147627532103,0.21955660167434962,0.21822962308086932,0.7762309119668949,-0.09578541108098258,-0.09466796996282316,0.005683850786315392,0.13479308466162465
12,0.1288018765325615,0.12855741278887708,0.781528478773469,0.23942441457783872,0.23770262642713458,0.7744673063284713,-0.11062253804527722,-0.1091452136382575,0.00706117244499771,0.1555631181868558
13,0.13411655839958464,0.13383112072217618,0.7811033378737086,0.2592682852393897,0.2570805518921551,0.7725426232543283,-0.12515172683980508,-0.12324943116997894,0.008560714619380239,0.17585978178510012
14,0.13970807459395437,0.13937481284560338,0.7806376142133923,0.279086229288473,0.27635564856411376,0.7704548875304338,-0.1393781546945186,-0.13698083571851039,0.010182726682958498,0.195687780106195
15,0.14556935648958466,0.1451805528898782,0.780129582024371,0.29887626494719843,0.29552020666133955,0.7682019476806334,-0.15330690845761377,-0.15033965377146136,0.011927634343737559,0.2150518266325398
16,0.15169342831431817,0.15124043198379722,0.7795775137430626,0.31863641322849195,0.31456656061611776,0.765781471650788,-0.16694298491417378,-0.16332612863232054,0.013796042092274585,0.23395665257369191
17,0.1580734069880892,0.157546568392273,0.7789796782863173,0.33836469813399206,0.33348709214081446,0.7631909421364422,-0.18029129114590287,-0.17594052374854147,0.015788736149875082,0.25240701604586624
18,0.16470250192219746,0.16409110739196558,0.7783343394204604,0.35805914685164836,0.35227423327509,0.760427651547437,-0.1933566449294509,-0.1881831258831244,0.017906687873023408,0.27040771156921445
19,0.1715740147820468,0.17086622127922893,0.777639754188843,0.37771778995300115,0.3709204694129827,0.7574886966029721,-0.20614377517095434,-0.20005424813375375,0.02015105758587088,0.28796357991927307
20,0.17868133921560192,0.17786410950522663,0.7768941713735291,0.39733866159012243,0.38941834230865047,0.7543709725508718,-0.2186573223745205,-0.21155423280342384,0.022523198822657298,0.3050795183722519
21,0.18581086269215757,0.18487339377498443,0.776095829973596,0.4169197996921991,0.40776045305957015,0.7510711670052485,-0.23110893700004154,-0.22288705928458571,0.0250246629683476,0.32205002051622195
22,0.1929457807464987,0.19187678873388983,0.7752434424500422,0.43645924616173865,0.4259394650659996,0.7475857533974175,-0.24351346541523994,-0.23406267633210978,0.027657689052624668,0.3388939244867351
23,0.20008644869715667,0.19887388668209027,0.7743357829662962,0.4559550470703768,0.44394810696551984,0.7439109840358401,-0.2558685983732202,-0.24507422028342957,0.03042479893045613,0.3556062168620873
24,0.20723322854414225,0.20586426947789013,0.7733716465686814,0.47540525285426916,0.46177917554148284,0.7400428827720981,-0.2681720243101269,-0.2559149060635927,0.03332876379658334,0.3721820525822507
25,0.21438648870228647,0.21284750859243518,0.7723498460268085,0.4948079185090459,0.479425538604203,0.7359772372714972,-0.28042142980675944,-0.26657803001176783,0.03637260875531123,0.388616766297453
26,0.22154660374934215,0.21982316513682007,0.7712692088627588,0.5141611037843102,0.49688013784373675,0.7317095908888981,-0.2926145000349681,-0.27705697270691665,0.03955961797386076,0.4049058842872913
27,0.2287139541872594,0.226790789862881,0.7701285745470341,0.5334628733776623,0.5141359916531132,0.7272352341528829,-0.3047489191904029,-0.28734520179023215,0.04289334039415116,0.42104513699810914
28,0.23588892621518717,0.23374992313877763,0.7689267918425828,0.5527112971282275,0.5311861979208834,0.7225491958644261,-0.31682237091304033,-0.29743627478210577,0.046377595978156716,0.4370304722509971
29,0.2430719115128668,0.24070009490033448,0.7676627162809158,0.5719044502096711,0.5480239367918736,0.7176462338199793,-0.3288325386968043,-0.30732384189153905,0.050016482460936484,0.4528580691767854
30,0.2502633070331758,0.24764082457899547,0.766335207756524,0.5910404133226791,0.5646424733950353,0.712520825173375,-0.3407771062895033,-0.31700164881603976,0.05381438258314897,0.4685243529379671
31,0.2574635148026557,0.25457162100714414,0.7649431282276336,0.610117272886887,0.5810351605373051,0.7071671564563529,-0.3526537580842313,-0.32646353953016094,0.05777597177128069,0.48402601030069475
32,0.2646729417289194,0.2614919823014537,0.7634853395128423,0.6291331212322355,0.597195441362392,0.7015791132839158,-0.3644601795033161,-0.3357034590609383,0.0619062262289265,0.49936000612281267
33,0.27189199941388087,0.26840139572485294,0.7619607011744561,0.6480860567897367,0.6131168519734339,0.6957502697783335,-0.3761940573758559,-0.34471545624858096,0.0662104313961226,0.5145236008262758
34,0.2791211039717908,0.27529933752762514,0.7603680684804197,0.6669741842816288,0.6287930240184685,0.6896738777545541,-0.387853080309838,-0.35349368649084334,0.07069419072586558,0.5295143689241126
35,0.28636067585108926,0.2821852727680956,0.758706290437657,0.6857956149109028,0.6442176872376911,0.6833428557202919,-0.39943493905981353,-0.36203241446959555,0.07536343471736517,0.5443302186731879
36,0.2936111396591092,0.2890586551133088,0.7569742078904391,0.7045484665501799,0.6593846719714731,0.6767497777563413,-0.4109373268910707,-0.3703260168581643,0.08022443013409786,0.5589694129241357
37,0.300872923988679,0.29591892662004854,0.7551706516780872,0.723230863929924,0.6742879116281452,0.6698868623569647,-0.422357939941245,-0.3783689850080966,0.08528378932112246,0.5734305912387646
38,0.30814646124568146,0.30276551749650965,0.7532944408469393,0.7418409388259654,0.6889214451105513,0.6627459613267954,-0.4336944775802839,-0.38615592761404166,0.09054847952014389,0.5877127933425529
39,0.3154321874766287,0.3095978458448938,0.7513443809120542,0.7603768302463229,0.7032794192004101,0.6553185488498808,-0.44494464276969414,-0.39368157335551635,0.09602583206217341,0.6018154839752449
40,0.3227305421953109,0.31641531738516737,0.7493192621646222,0.778836684617301,0.7173560908995228,0.6475957108685986,-0.45610614242199016,-0.4009407735143554,0.10172355129602362,0.6157385791954514
41,0.33004196820757004,0.3232173251601905,0.7472178580215039,0.7972186559688459,0.731145829726896,0.6395681349355568,-0.46717668776127586,-0.4079285045667055,0.10764972308594711,0.6294824741850296
42,0.3373669114332392,0.33000324922240265,0.7450389234137382,0.8155209061191403,0.7446431199708592,0.6312261007306176,-0.4781539946859011,-0.41463987074845654,0.11381282268312065,0.6430480725851535
43,0.34470720987506276,0.3367737376165219,0.742919420221817,0.8337416048584215,0.757842562895277,0.6225594714682599,-0.48903439498335877,-0.42106882527875505,0.12035994875355716,0.6564602900117641
44,0.35206239463835093,0.3435291607040813,0.7408573772149412,0.8518789301319992,0.7707388788989693,0.6135576864580234,-0.4998165354936483,-0.427209718194888,0.12729969075691772,0.6697237667425548
45,0.35943201468148506,0.35026987923029695,0.7388508871448185,0.8699310682224605,0.7833269096274834,0.6042097551231719,-0.5104990535409755,-0.43305703039718646,0.13464113202164663,0.6828439863356284
46,0.36681563609630646,0.356996244449616,0.7368981044163179,0.8878962139310396,0.795601620036366,0.5945042528303504,-0.5210805778347332,-0.43860537558675006,0.1423938515859675,0.6958273155457897
47,0.37421284142135186,0.3637085982582858,0.7349972428349119,0.9057725707581367,0.8075581004051143,0.5844293189362826,-0.5315597293367849,-0.44384950214682856,0.15056792389862927,0.708681046815651
48,0.3816232289864446,0.37040727333277257,0.733146573427523,0.9235583510829657,0.8191915683009982,0.5739726575167142,-0.5419351220965212,-0.4487842949682256,0.15917391591080876,0.7214134428178337
